,Package,Item Name,Style,Color,Size,Quantity
,1,MENS PU JACKET,PAN2022083,Olive,M,21
,2,MENS PU JACKET,PAN2022083,Olive,L,11
,,,,,XL,6
,3,MENS PU JACKET,PAN2022083,Charcoal,M,21
,4,MENS PU JACKET,PAN2022083,Charcoal,L,12
,,,,,XL,4
,5,MENS PU JACKET,PAN2022083,Brown,M,22
,,,,,XL,4
,,,,,XXL,1
,6,MENS PU JACKET,PAN2022083,Burgundy,M,21
,7,MENS PU JACKET,PAN2022083,Burgundy,L,11
,,,,,XL,6
,8,MENS PU JACKET,PAN2022084,Black,M,6
,,,,,L,11
,9,MENS PU JACKET,PAN2022084,Burgundy,M,21
,,,,,L,8
,10,MENS PU JACKET,PAN2022084,Brown,L,11
,11,MENS PU JACKET,PAN2022084,Brown,M,7
,,,,,XL,6
,12,MENS PU JACKET,PAN2022086,Black,M,13
,,,,,XL,6
,13,MENS PU JACKET,PAN2022086,Black,L,11
,14,MENS PU JACKET,PAN2022086,Brown,M,12
,15,MENS PU JACKET,PAN2022086,Brown,L,11
,,,,,XL,6
,,,,,XXL,2
,16,MENS PU JACKET,PAN2022087,Burgundy,M,6
,,,,,L,11
,,,,,XL,6
,17,MENS PU JACKET,PAN2022085,Brown,M,21
,18,MENS PU JACKET,PAN2022085,Brown,L,11
,,,,,XL,6
,,,,,XXL,2
,19,Womens PU Jacket,PAN2022081,Black,M,9
,,,,,L,12
,,,,,XL,3
,20,Womens PU Skirt,PAN2022082,Black,M,15
,,,,,L,15
,,,,,XL,10
,21,Womens PU Jacket,PAN2022080,Black,M,16
,22,Womens PU Jacket,PAN2022080,Black,L,13
,,,,,XL,11
,23,Womens PU Jacket,PAN2022079,Black,M,15
,24,Womens PU Jacket,PAN2022079,Black,L,13
,,,,,XL,12
,25,Men's Padding Jacket,PAN2022093,Black,M,20
,26,Men's Padding Jacket,PAN2022093,Black,M,12
,27,Men's Padding Jacket,PAN2022104,Tan,M,19
,,,,,XXL,3
,28,Men's Padding Jacket,PAN2022104,Tan,L,8
,,,,,XL,10
,29,Men's Padding Jacket,PAN2022104,Black,M,21
,30,Men's Padding Jacket,PAN2022104,Black,L,11
,,,,,XL,6
,,,,,XXL,2
,31,Men's Padding Jacket,PAN2022104,White,M,21
,32,Men's Padding Jacket,PAN2022104,White,L,10
,,,,,XL,7
,,,,,XXL,2
,33,Men's Padding Jacket,PAN2022104,Metallic Grey,M,20
,34,Men's Padding Jacket,PAN2022104,Metallic Grey,L,11
,,,,,XL,7
,,,,,XXL,2
,35,Men's Padding Jacket,PAN2022104,MEHENDI,M,19
,36,Men's Padding Jacket,PAN2022104,MEHENDI,L,11
,,,,,XL,3
,,,,,XXL,2
,37,Men's Padding Jacket,PAN2022104,Dusted Clay,M,18
,38,Men's Padding Jacket,PAN2022104,Dusted Clay,L,3
,,,,,XL,6
,,,,,XXL,3
,39,Men's Padding Jacket,PAN2022104,BLACK MELANGE,L,18
,40,Men's Padding Jacket,PAN2022104,BLACK MELANGE,M,14
,,,,,XL,6
,41,Men's Padding Jacket,PAN2022104,Coronet Blue,M,20
,42,Men's Padding Jacket,PAN2022104,Coronet Blue,L,11
,,,,,XL,7
,,,,,XXL,2
,43,Men's Padding Jacket,PAN2022104,Smoke Green,M,20
,44,Men's Padding Jacket,PAN2022104,Smoke Green,L,11
,,,,,XL,7
,,,,,XXL,2
,45,Men's Padding Jacket,PAN2022104,STEEL GREY,M,21
,46,Men's Padding Jacket,PAN2022104,STEEL GREY,L,11
,,,,,XL,6
,,,,,XXL,2
,47,Womens Padding Jacket,PAN2022100,LIGHT PINK,M,16
,48,Womens Padding Jacket,PAN2022100,LIGHT PINK,L,4
,,,,,XL,6
,49,Womens Padding Jacket,PAN2022100,LIGHT PINK,M,4
,,,,,L,7
,,,,,XL,3
,50,Men's Padding Jacket,PAN2022095,WHITE,M,18
,51,Men's Padding Jacket,PAN2022095,WHITE,L,12
,,,,,XL,8
,,,,,XXL,1
,52,Womens Padding Jacket,PAN2022098,LIGHT GREY,M,18
,53,Womens Padding Jacket,PAN2022098,LIGHT GREY,L,12
,54,Womens Padding Jacket,PAN2022098,LIGHT GREY,XL,10
,55,Womens Padding Jacket,PAN2022098,Black,M,20
,56,Womens Padding Jacket,PAN2022098,Black,L,13
,,,,,XL,7
,57,Womens Padding Jacket,PAN2022098,DUSTY PINK,M,15
,58,Womens Padding Jacket,PAN2022098,DUSTY PINK,L,18
,59,Womens Padding Jacket,PAN2022098,DUSTY PINK,XL,7
,60,Womens Padding Jacket,PAN2022098,MINT,M,16
,61,Womens Padding Jacket,PAN2022098,MINT,L,12
,62,Womens Padding Jacket,PAN2022098,MINT,XL,12
,63,Womens Padding Jacket,PAN2022098,SKY,M,20
,64,Womens Padding Jacket,PAN2022098,SKY,M,2
,,,,,L,8
,,,,,XL,10
,65,Womens Padding Jacket,PAN2022090,BURGANDY,M,20
,66,Womens Padding Jacket,PAN2022090,BURGANDY,L,13
,,,,,XL,7
,67,Womens Padding Jacket,PAN2022089,Black,M,14
,68,Womens Padding Jacket,PAN2022089,Black,L,15
,69,Womens Padding Jacket,PAN2022089,Black,M,4
,,,,,L,3
,,,,,XL,8
,70,Womens Padding Jacket,PAN2022089,Metallic - Burgandy,M,10
,71,Womens Padding Jacket,PAN2022089,Metallic - Burgandy,M,10
,72,Womens Padding Jacket,PAN2022089,Metallic - Burgandy,L,14
,73,Womens Padding Jacket,PAN2022089,Metallic - Burgandy,XL,11
,74,Womens Padding Jacket,PAN2022089,Shopping Bag,M,17
,75,Womens Padding Jacket,PAN2022089,Shopping Bag,L,15
,76,Womens Padding Jacket,PAN2022089,Shopping Bag,XL,12
,77,Womens Padding Jacket,PAN2022089,Caribou,M,17
,78,Womens Padding Jacket,PAN2022089,Caribou,XL,7
,79,Womens Padding Jacket,PAN2022089,Caribou,L,13
,,,,,XL,1
,80,Womens Padding Jacket,PAN2022089,Metallic - Silver ,M,17
,81,Womens Padding Jacket,PAN2022089,Metallic - Silver ,L,16
,82,Womens Padding Jacket,PAN2022089,Green Bay,M,16
,83,Womens Padding Jacket,PAN2022089,Green Bay,L,6
,,,,,XL,2
,84,Womens Padding Jacket,PAN2022089,Olive,M,12
,85,Womens Padding Jacket,PAN2022089,Olive,L,10
,,,,,XL,7
,86,Womens Padding Jacket,PAN2022101,BURGANDY,M,20
,87,Womens Padding Jacket,PAN2022101,BURGANDY,L,12
,88,Womens Padding Jacket,PAN2022101,BURGANDY,XL,8
,89,Men's Padding Jacket,PAN2022105,BLACK MELANGE,M,15
,90,Men's Padding Jacket,PAN2022105,BLACK MELANGE,L,13
,91,Men's Padding Jacket,PAN2022105,BLACK MELANGE,M,2
,,,,,XL,5
,92,Men's Padding Jacket,PAN2022105,Tap Shoe,M,15
,93,Men's Padding Jacket,PAN2022105,Tap Shoe,L,10
,94,Men's Padding Jacket,PAN2022105,Tap Shoe,M,6
,,,,,XL,7
,,,,,XXL,2
,95,Men's Padding Jacket,PAN2022105,COFFEE BROWN,M,15
,96,Men's Padding Jacket,PAN2022105,COFFEE BROWN,L,12
,97,Men's Padding Jacket,PAN2022105,COFFEE BROWN,M,3
,,,,,XL,8
,,,,,XXL,2
,98,Men's Padding Jacket,PAN2022105,Metallic Navy,M,15
,99,Men's Padding Jacket,PAN2022105,Metallic Navy,L,10
,100,Men's Padding Jacket,PAN2022105,Metallic Navy,M,2
,,,,,XL,11
,,,,,XXL,2
,101,Men's Padding Jacket,PAN2022105,Midnight,M,15
,102,Men's Padding Jacket,PAN2022105,Midnight,L,14
,103,Men's Padding Jacket,PAN2022105,Midnight,M,4
,,,,,XL,8
,,,,,XXL,2
,104,Men's Padding Jacket,PAN2022105,Stucco,M,15
,105,Men's Padding Jacket,PAN2022105,Stucco,L,10
,106,Men's Padding Jacket,PAN2022105,Stucco,M,5
,,,,,XL,8
,,,,,XXL,2
,107,Men's Padding Jacket,PAN2022105,BURGANDY,M,15
,108,Men's Padding Jacket,PAN2022105,BURGANDY,L,12
,109,Men's Padding Jacket,PAN2022105,BURGANDY,M,4
,,,,,XL,6
,,,,,XXL,3
,110,Men's Padding Jacket,PAN2022092,WHITE,M,15
,111,Men's Padding Jacket,PAN2022092,WHITE,L,10
,112,Men's Padding Jacket,PAN2022092,WHITE,M,6
,,,,,XL,7
,,,,,XXL,2
,113,Men's Padding Jacket,PAN2022092,DUSTY GREEN,M,15
,114,Men's Padding Jacket,PAN2022092,DUSTY GREEN,L,10
,115,Men's Padding Jacket,PAN2022092,DUSTY GREEN,M,5
,,,,,XL,8
,,,,,XXL,2
,116,Men's Padding Jacket,PAN2022092,NAVY,L,12
,117,Men's Padding Jacket,PAN2022092,NAVY,M,13
,118,Men's Padding Jacket,PAN2022092,NAVY,L,11
,119,Men's Padding Jacket,PAN2022092,NAVY,XL,8
,,,,,XXL,2
,120,Men's Padding Jacket,PAN2022092,LIGHT GREY,M,15
,121,Men's Padding Jacket,PAN2022092,LIGHT GREY,M,9
,,,,,L,7
,122,Men's Padding Jacket,PAN2022092,LIGHT GREY,XL,8
,,,,,XXL,3
,123,Men's Padding Jacket,PAN2022096,WHITE,M,18
,124,Men's Padding Jacket,PAN2022096,WHITE,L,14
,125,Men's Padding Jacket,PAN2022096,WHITE,XL,7
,,,,,XXL,2
,126,Men's Padding Jacket,PAN2022096,Sea Spray,M,21
,127,Men's Padding Jacket,PAN2022096,Sea Spray,L,11
,,,,,XL,6
,,,,,XXL,2
,128,Men's Padding Jacket,PAN2022096,Pompeian Red,M,20
,129,Men's Padding Jacket,PAN2022096,Pompeian Red,L,11
,,,,,XL,8
,130,Men's Padding Jacket,PAN2022096,Forget-Me-Not,M,19
,131,Men's Padding Jacket,PAN2022096,Forget-Me-Not,L,13
,,,,,XL,6
,132,Men's Padding Jacket,PAN2022096,Dk Grey,M,17
,133,Men's Padding Jacket,PAN2022096,Dk Grey,L,13
,134,Men's Padding Jacket,PAN2022096,Dk Grey,XL,9
,,,,,XXL,1
,135,Men's Padding Jacket,PAN2022096,Oxblood Red,M,21
,136,Men's Padding Jacket,PAN2022096,Oxblood Red,L,9
,,,,,XL,8
,,,,,XXL,2
,137,Men's Padding Jacket,PAN2022096,Peacoat Blue,M,19
,138,Men's Padding Jacket,PAN2022096,Peacoat Blue,L,6
,,,,,XL,6
,,,,,XXL,2
,139,Men's Padding Jacket,PAN2022096,Orange Rust,M,20
,140,Men's Padding Jacket,PAN2022096,Orange Rust,L,10
,,,,,XL,6
,,,,,XXL,4
,141,Men's Padding Jacket,PAN2022096,Gray Ridge,M,17
,,,,,XL,3
,142,Men's Padding Jacket,PAN2022096,Gray Ridge,L,12
,,,,,XL,8
,143,Men's Padding Jacket,PAN2022096,Bamboo,M,19
,144,Men's Padding Jacket,PAN2022096,Bamboo,L,12
,145,Men's Padding Jacket,PAN2022096,Bamboo,XL,6
,,,,,XXL,3
,146,Men's Padding Jacket,PAN2022096,Iceberg Green,M,20
,147,Men's Padding Jacket,PAN2022096,Iceberg Green,L,12
,,,,,XL,6
,148,Men's Padding Jacket,PAN2022096,Chicory Coffee,M,21
,149,Men's Padding Jacket,PAN2022096,Chicory Coffee,L,10
,,,,,XL,7
,,,,,XXL,2
,150,Men's Padding Jacket,PAN2022096,Four Leaf Clover,M,13
,,,,,L,6
,151,Men's Padding Jacket,PAN2022096,Pale Mauve,M,21
,152,Men's Padding Jacket,PAN2022096,Pale Mauve,L,10
,,,,,XL,7
,,,,,XXL,2
,153,Men's Padding Jacket,PAN2022097,Tan,M,20
,154,Men's Padding Jacket,PAN2022097,Tan,L,11
,,,,,XL,7
,,,,,XXL,2
,155,Men's Padding Jacket,PAN2022097,Brick Red,M,21
,156,Men's Padding Jacket,PAN2022097,Brick Red,L,11
,,,,,XL,6
,,,,,XXL,2
,157,Men's Padding Jacket,PAN2022097,Kalamata,M,15
,158,Men's Padding Jacket,PAN2022097,Kalamata,L,13
,159,Men's Padding Jacket,PAN2022097,Kalamata,XL,11
,,,,,XXL,1
,160,Men's Padding Jacket,PAN2022097,Metallic Navy,M,16
,161,Men's Padding Jacket,PAN2022097,Metallic Navy,L,11
,162,Men's Padding Jacket,PAN2022097,Metallic Navy,XL,8
,,,,,XXL,5
,163,Men's Padding Jacket,PAN2022111,Peacoat Blue,M,19
,164,Men's Padding Jacket,PAN2022111,Peacoat Blue,L,11
,,,,,XL,8
,,,,,XXL,2
,165,Men's Padding Jacket,PAN2022111,Ensign Blue,M,20
,166,Men's Padding Jacket,PAN2022111,Ensign Blue,L,12
,,,,,XL,6
,,,,,XXL,2
,167,Men's Padding Jacket,PAN2022111,Ochre,M,20
,168,Men's Padding Jacket,PAN2022111,Ochre,L,10
,,,,,XXL,2
,169,Men's Padding Jacket,PAN2022111,Brick Red,M,19
,170,Men's Padding Jacket,PAN2022111,Brick Red,L,13
,,,,,XL,6
,,,,,XXL,2
,171,Men's Padding Jacket,PAN2022111,Dusted Clay,M,20
,172,Men's Padding Jacket,PAN2022111,Dusted Clay,L,12
,,,,,XL,6
,,,,,XXL,2
,173,Men's Padding Jacket,PAN2022111,Silver Blue,M,21
,174,Men's Padding Jacket,PAN2022111,Silver Blue,L,12
,,,,,XL,5
,,,,,XXL,2
,175,Men's Padding Jacket,PAN2022111,Forget-Me-Not,M,19
,176,Men's Padding Jacket,PAN2022111,Forget-Me-Not,L,13
,,,,,XL,6
,,,,,XXL,2
,177,Men's Padding Jacket,PAN2022111,Iceberg Green,M,20
,178,Men's Padding Jacket,PAN2022111,Iceberg Green,L,11
,,,,,XL,7
,,,,,XXL,2
,179,Men's Padding Jacket,PAN2022111,Four Leaf Clover,M,19
,180,Men's Padding Jacket,PAN2022111,Four Leaf Clover,L,12
,,,,,XL,7
,,,,,XXL,2
,181,Men's Padding Jacket,PAN2022111,Dk Grey,M,18
,182,Men's Padding Jacket,PAN2022111,Dk Grey,L,13
,,,,,XL,7
,,,,,XXL,2
,183,Men's Padding Jacket,PAN2022111,Cappuccino,M,21
,184,Men's Padding Jacket,PAN2022111,Cappuccino,L,10
,,,,,XL,7
,,,,,XXL,2
,185,Men's Padding Jacket,PAN2022111,Chicory Coffee,M,19
,186,Men's Padding Jacket,PAN2022111,Chicory Coffee,L,11
,,,,,XL,8
,,,,,XXL,2
,187,Men's Padding Jacket,PAN2022103,WHITE,M,14
,188,Men's Padding Jacket,PAN2022103,WHITE,L,3
,,,,,XL,7
,189,Men's Padding Jacket,PAN2022103,Metallic Navy,M,21
,190,Men's Padding Jacket,PAN2022103,Metallic Navy,L,13
,,,,,XL,3
,191,Men's Padding Jacket,PAN2022103,Cappuccino,M,19
,192,Men's Padding Jacket,PAN2022103,Cappuccino,L,9
,,,,,XL,7
,,,,,XXL,2
,193,Men's Padding Jacket,PAN2022103,Smoke Green,M,12
,194,Men's Padding Jacket,PAN2022103,BLACK,M,5
,,,,,L,4
,195,Womens Padding Jacket,PAN2022088,BURGANDY,M,16
,196,Womens Padding Jacket,PAN2022088,BURGANDY,L,14
,,,,,XL,10
,197,Men's Padding Jacket,PAN2022094,BURGANDY,M,20
,198,Men's Padding Jacket,PAN2022094,BURGANDY,L,11
,,,,,XL,9
,199,Men's Padding Jacket,PAN2022094,MEHENDI,M,20
,200,Men's Padding Jacket,PAN2022094,MEHENDI,L,14
,,,,,XL,5
,,,,,XXL,1
,201,Men's Padding Jacket,PAN2022094,NAVY BLUE,M,20
,202,Men's Padding Jacket,PAN2022094,NAVY BLUE,L,11
,,,,,XL,7
,,,,,XXL,2
,203,Womens Padding Jacket,PAN2022091,SILVER,M,16
,204,Womens Padding Jacket,PAN2022091,SILVER,L,15
,,,,,XL,9
,205,Womens Sweater,PAN2022027,Bright Marigold,M,7
,,,,,L,8
,,,,,XL,5
,,,PAN2022026,Paisely Purple,M,7
,,,,,L,8
,,,,,XL,5
,206,Womens Sweater,PAN2022025,Dark Citron ,M,7
,,,,,L,8
,,,,,XL,5
,,,PAN2022028,Delphinium Blue,M,7
,,,,,L,8
,207,Womens Sweater,PAN2022007,Paisely Purple ,M,7
,,,,,L,8
,,,,,XL,5
,,,PAN2022007,Rose Dawn,M,7
,,,,,L,8
,,,,,XL,5
,,,PAN2022007,SMOKE GREY,M,7
,,,,,L,8
,,,,,XL,5
,208,Womens Sweater,PAN2022007,Mustang,M,7
,,,,,L,8
,,,,,XL,5
,,,PAN2022007,Surf The Web,M,7
,,,,,L,8
,,,,,XL,5
,209,Womens Sweater,PAN2022007,Terracotta,M,7
,,,,,L,8
,,,,,XL,5
,,,PAN2022007,Maroon,M,7
,,,,,L,8
,,,,,XL,5
,,,PAN2022007,FOUR LEAF CLOVER,M,7
,,,,,L,8
,,,,,XL,5
,210,Womens Sweater,PAN2022007,lt grey mel,M,7
,,,,,L,8
,,,,,XL,5
,,,PAN2022007,Fuchia Purple,M,7
,,,,,L,8
,,,,,XL,5
,,,PAN2022007,BLACK,M,7
,,,,,L,8
,,,,,XL,5
,211,Womens Sweater,PAN2022007,Potent purple,M,7
,,,,,L,8
,,,,,XL,5
,,,PAN2022007,dark citron ,M,7
,,,,,L,8
,,,PAN2022007,Riverside,M,7
,,,,,L,8
,,,,,XL,5
,212,Womens Sweater,PAN2022007,Blueprint,M,7
,,,,,L,8
,,,,,XL,5
,,,PAN2022007,STUCCO,M,7
,,,,,L,8
,,,,,XL,5
,,,PAN2022007,WHITE,M,7
,,,,,L,8
,,,,,XL,5
,213,Womens Sweater,PAN2022018A,Fuchia Purple,M,7
,,,,,L,8
,,,,,XL,5
,,,PAN2022018B,Sproustone,M,7
,,,,,L,8
,,,,,XL,5
,214,Womens Sweater,PAN2022018C,Bombay Brown,M,7
,,,,,L,8
,,,,,XL,5
,215,Womens Sweater,PAN2022011,Peacoat Blue,M,7
,,,,,L,8
,,,,,XL,5
,,,PAN2022011,Stucco,M,7
,,,,,L,8
,,,,,XL,5
,216,Womens Sweater,PAN2022011,charcoal mel,M,7
,,,,,L,8
,,,,,XL,5
,,,PAN2022011,Four Leaf Clover,M,7
,,,,,L,8
,,,,,XL,5
,,,PAN2022011,Bright Marigold,M,7
,,,,,L,8
,,,,,XL,5
,217,Womens Sweater,PAN2022011,Bubblegum,M,7
,,,,,L,8
,,,,,XL,5
,,,PAN2022011,Pale Banana,M,7
,,,,,L,8
,,,,,XL,5
,218,Womens Sweater,PAN2022011,Blueprint,M,7
,,,,,L,8
,,,,,XL,5
,,,PAN2022011,lt grey mel,M,7
,,,,,L,8
,,,,,XL,5
,219,Womens Sweater,PAN2022011,Burgandy,M,7
,,,,,L,8
,,,,,XL,5
,,,PAN2022011,Pistachio Shell,M,7
,,,,,L,8
,,,,,XL,5
,220,Womens Sweater,PAN2022011,Spring Bud,M,7
,,,,,L,8
,,,,,XL,5
,,,PAN2022011,Amazon,M,7
,,,,,L,8
,,,,,XL,5
,221,Womens Sweater,PAN2022011,Black,M,7
,,,,,L,8
,,,,,XL,5
,,,PAN2022011,Amber Yellow,M,7
,,,,,L,8
,,,,,XL,5
,222,Womens Sweater,PAN2022011,Cherry Tomato,M,7
,,,,,L,8
,,,,,XL,5
,,,PAN2022011,peony,M,7
,,,,,L,8
,,,,,XL,5
,223,Womens Sweater,PAN2022041,Mulberry Purple,M,7
,,,,,L,8
,,,,,XL,5
,224,Womens Sweater,PAN2022049,Mulberry Purple + orange peel,M,7
,,,,,L,8
,,,,,XL,5
,,,PAN2022050,Sap Green + peony,M,7
,,,,,L,8
,,,,,XL,5
,225,Womens Sweater,PAN2022015,Bright Marigold + Potent Purple,M,7
,,,,,L,8
,,,,,XL,5
,,,PAN2022016,Omphalodes + Minion Yellow,M,7
,,,,,L,8
,,,,,XL,5
,226,Womens Sweater,PAN2022071,Black + Spring Bud + Peony + Pale Banana + Omphalodes,M,7
,,,,,L,8
,,,,,XL,5
,227,Womens Sweater,PAN2022045,Bright Marigold + scooter,M,7
,,,,,L,8
,,,,,XL,5
,,,PAN2022046,Fuschia Purple,M,7
,,,,,L,8
,,,,,XL,5
,228,Womens Sweater,PAN2022033,Mulberry Purple,M,7
,,,,,L,3
,,,,,XL,5
,,,PAN2022034,TERRA CITTA/Desert Sand,M,7
,,,,,L,8
,,,,,XL,5
,229,Womens Sweater,PAN2022035,Trekking Green,M,7
,,,,,L,8
,,,,,XL,5
,,,PAN2022036,Shopping Bag,M,7
,,,,,L,8
,,,,,XL,5
,230,Womens Sweater,PAN2022037,Little Boy Blue + Kelly Green,M,7
,,,,,L,8
,,,,,XL,5
,,,PAN2022038,Orange Peel + Fuchia Purple,M,7
,,,,,L,8
,,,,,XL,5
,231,Womens Sweater,PAN2022065,Bombay Brown,M,7
,,,,,L,8
,,,,,XL,5
,,,PAN2022061,Mulberry Purple,M,7
,,,,,L,8
,,,,,XL,5
,232,Womens Sweater,PAN2022059,Black,M,7
,,,,,L,8
,,,,,XL,5
,,,PAN2022063,Amazon,M,7
,,,,,L,8
,,,,,XL,5
,,,PAN2022066,Surf The Web,M,7
,,,,,L,8
,,,,,XL,5
,233,Womens Sweater,PAN2022062,Blue Coral,M,7
,,,,,L,8
,,,,,XL,5
,,,PAN2022064,Pistachio Shell,M,7
,,,,,L,8
,,,,,XL,5
,234,Womens Sweater,PAN2022074,Vermillion Orange + Pink Carnation + Candy Pink,M,7
,,,,,L,8
,,,,,XL,5
,235,Womens Sweater,PAN2022039,Black,M,7
,,,,,L,8
,,,,,XL,5
,,,PAN2022040,Burgandy,M,7
,,,,,L,8
,,,,,XL,5
,236,Womens Sweater,PAN2022054,Omphalodes,M,7
,,,,,L,8
,,,,,XL,5
,,,PAN2022057,Fragrant Lilac,M,7
,,,,,L,8
,,,,,XL,5
,237,Womens Sweater,PAN2022042,Blue Coral,M,7
,,,,,L,8
,,,,,XL,5
,238,Womens Sweater,PAN2022023,Blue Coral,M,7
,,,,,L,8
,,,,,XL,5
,,,PAN2022024,Paisely Purple,M,7
,,,,,L,8
,,,,,XL,5
,239,Womens Sweater,PAN2022067,Trekking Green,M,7
,,,,,L,8
,,,,,XL,5
,,,PAN2022069,Potent Purple,M,7
,,,,,L,8
,,,,,XL,5
,240,Womens Sweater,PAN2022068,Shopping Bag,M,7
,,,,,L,8
,,,,,XL,5
,,,PAN2022070,Blueprint,M,7
,,,,,L,8
,,,,,XL,5
,241,Womens Sweater,PAN2022048,Blue Coral + Dark Citron ,M,7
,,,,,L,8
,,,,,XL,5
,242,Womens Sweater,PAN2022043,Camellia Rose + HIGH RISK RED,M,7
,,,,,L,8
,,,,,XL,5
,,,PAN2022044,Spring Bud + STRONG BLUE,M,7
,,,,,L,8
,,,,,XL,5
,243,Womens Sweater,PAN2022075,MALIBU + Clematis Blue,M,7
,,,,,L,8
,,,,,XL,5
,,,PAN2022076,Camellia Rose + HIGH RISK RED,M,7
,,,,,L,8
,,,,,XL,5
,244,Womens Sweater,PAN2022029,Black + Fuschia Purple,M,7
,,,,,L,8
,,,,,XL,5
,,,PAN2022030,Purple + Amber Yellow,M,7
,,,,,L,8
,,,,,XL,5
,245,Womens Sweater,PAN2022031,Dark Citron + Black,M,7
,,,,,L,8
,,,,,XL,5
,,,PAN2022032,Peony + Bubblegum,M,7
,,,,,L,8
,,,,,XL,5
,246,Womens Sweater,PAN2022053,Pistachio Shell,M,7
,,,,,L,8
,,,,,XL,5
,,,PAN2022058,Amber Yellow,M,7
,,,,,L,8
,,,,,XL,5
,247,Womens Sweater,PAN2022055,Sap Green,M,7
,,,,,L,8
,,,,,XL,5
,,,PAN2022056,Shopping Bag,M,7
,,,,,L,8
,,,,,XL,5
,248,Womens Sweater,PAN2022072,Blueprint + Mustang + Amazon + Pistachio Shell,M,7
,,,,,L,8
,,,,,XL,5
,,,PAN2022073,Trekking Green + Mustang + Mustard + Pistachio Shell,M,7
,,,,,L,8
,,,,,XL,5
,249,Womens Sweater,PAN2022051,Surf The Web + Bubblegum,M,7
,,,,,L,8
,,,,,XL,5
,,,PAN2022052,Rose Violet + sap green,M,7
,,,,,L,8
,,,,,XL,5
,250,Womens Sweater,PAN2022110,OFF WHITE,M,30
,251,Womens Sweater,PAN2022110,OFF WHITE,L,30
,252,Womens Sweater,PAN2022110,OFF WHITE,S,12
,,,,,XL,13
,253,Womens Sweater,PAN2022110,BLUE,M,30
,254,Womens Sweater,PAN2022110,BLUE,L,21
,255,Womens Sweater,PAN2022110,BLUE,S,12
,,,,,XL,13
,256,Womens Sweater,PAN2022110,ROSA,M,30
,257,Womens Sweater,PAN2022110,ROSA,L,30
,258,Womens Sweater,PAN2022110,ROSA,S,12
,,,,,XL,13
,259,Womens Sweater,PAN2022110,ORANGE,M,30
,260,Womens Sweater,PAN2022110,ORANGE,L,30
,261,Womens Sweater,PAN2022110,ORANGE,S,12
,,,,,XL,13
,262,Womens Sweater,PAN2022009,Brown Mel,M,7
,,,,,L,8
,,,,,XL,5
,,,PAN2022009,Serenity,M,7
,,,,,L,8
,,,,,XL,5
,,,PAN2022009,Blueprint,M,7
,,,,,L,8
,,,,,XL,5
,263,Womens Sweater,PAN2022009,sprucestone,M,7
,,,,,L,8
,,,,,XL,5
,,,PAN2022009,Mustard,M,7
,,,,,L,8
,,,,,XL,5
,,,PAN2022009,WHITE,M,7
,,,,,L,8
,,,,,XL,5
,264,Womens Sweater,PAN2022009,BLACK,M,7
,,,,,L,8
,,,,,XL,5
,,,PAN2022009,mid grey mel,M,7
,,,,,L,8
,,,,,XL,5
,,,PAN2022009,Valerian,M,7
,,,,,L,8
,,,,,XL,5
,265,Womens Sweater,PAN2022010A,Blueprint + White,M,7
,,,,,L,8
,,,,,XL,5
,,,PAN2022010A,Burgundy + White,M,7
,,,,,L,8
,,,,,XL,5
,266,Womens Sweater,PAN2022012,Stucco,M,7
,,,,,L,8
,,,,,XL,5
,,,PAN2022012,Orange Peel,M,7
,,,,,L,8
,,,,,XL,5
,,,PAN2022012,Potent Purple,M,7
,,,,,L,8
,,,,,XL,5
,267,Womens Sweater,PAN2022012,Blue Coral,M,7
,,,,,L,8
,,,,,XL,5
,,,PAN2022012,Trekking Green,M,7
,,,,,L,8
,,,,,XL,5
,,,PAN2022012,Blue Haze,M,7
,,,,,L,8
,,,,,XL,5
,268,Womens Sweater,PAN2022012,White,M,7
,,,,,L,8
,,,,,XL,5
,,,PAN2022012,Blueprint,M,7
,,,,,L,8
,,,,,XL,5
,,,PAN2022012,Black,M,7
,,,,,L,8
,,,,,XL,5
,269,Womens Sweater,PAN2022112,BEIGE,S,12
,270,Womens Sweater,PAN2022112,BEIGE,M,20
,271,Womens Sweater,PAN2022112,BEIGE,L,20
,272,Womens Sweater,PAN2022112,BEIGE,XL,13
,273,Womens Sweater,PAN2022112,BEIGE,M,14
,,,,,L,10
,274,Womens Sweater,PAN2022112,BLUE ,S,12
,275,Womens Sweater,PAN2022112,BLUE ,M,20
,276,Womens Sweater,PAN2022112,BLUE ,L,20
,277,Womens Sweater,PAN2022112,BLUE ,XL,13
,278,Womens Sweater,PAN2022112,BLUE ,M,10
,,,,,L,10
,279,Womens Sweater,PAN2022014,BLACK,M,7
,,,,,L,8
,,,,,XL,5
,280,Womens Sweater,PAN2022013,Fragrant Lilac + White,M,7
,,,,,L,8
,,,,,XL,5
,,,PAN2022013,Sprucestone + WHITE,M,7
,,,,,L,8
,,,,,XL,5
,,,PAN2022013,Serenity + WHITE,M,7
,,,,,L,8
,,,,,XL,5
,281,Womens Sweater,PAN2022013,Black + White,M,7
,,,,,L,8
,,,,,XL,5
,,,PAN2022013,Burgandy + White,M,7
,,,,,L,8
,,,,,XL,5
,,,PAN2022013,Blueprint + White,M,7
,,,,,L,8
,,,,,XL,5
,282,Womens Sweater,PAN2022008,Sprucestone,M,7
,,,,,L,8
,,,,,XL,5
,,,PAN2022008,WHITE,M,7
,,,,,L,8
,,,,,XL,5
,283,Womens Sweater,PAN2022008,Valerian,M,7
,,,,,L,8
,,,,,XL,5
,,,PAN2022008,BLACK,M,7
,,,,,L,8
,,,,,XL,5
,284,Womens Sweater,PAN2022008,SMOKE GREY,M,7
,,,,,L,8
,,,,,XL,5
,,,PAN2022008,Minion Yellow,M,7
,,,,,L,8
,,,,,XL,5
,285,Womens Sweater,PAN2022008,Bright Marigold,M,7
,,,,,L,1
,,,,,XL,5
,,,PAN2022008,Fuchia Purple,M,7
,,,,,L,8
,,,,,XL,5
,286,Womens Sweater,PAN2022040,Burgandy,M,7
,,,,,L,8
,,,,,XL,5
,287,Womens Sweater,PAN2022010B,Burgundy + White,M,7
,,,,,L,8
,,,,,XL,5
,,,PAN2022010B,Blue + White,M,7
,,,,,L,8
,,,,,XL,5
,288,Womens Sweater,PAN2022017,Multicolor,M,7
,,,,,L,8
,,,,,XL,5
,289,Mens Long Sleeve Shirt,PAN2022106,Navy,S,2
,,,,,M,33
,290,Mens Long Sleeve Shirt,PAN2022106,Navy,L,36
,291,Mens Long Sleeve Shirt,PAN2022106,Navy,XL,19
,,Mens Long Sleeve Shirt,PAN2022106,Navy,XXL,14
,292,Mens Long Sleeve Shirt,PAN2022106,Optical White,L,40
,293,Mens Long Sleeve Shirt,PAN2022106,Optical White,M,36
,,,,,L,7
,294,Mens Long Sleeve Shirt,PAN2022106,Optical White,XL,26
,,,,,XXL,17
,295,MENS SHIRT,PAN2022116,Navy,S,7
,,,,,M,8
,,,,,L,8
,296,MENS SHIRT,PAN2022116,ARMY CHECK,S,22
,,,,,M,11
,297,MENS SHIRT,PAN2022116,ARMY CHECK,M,12
,,,,,XL,10
,298,MENS SHIRT,PAN2022116,ARMY CHECK,L,23
,,,,,XL,10
,299,LADIES SHIRT,PAN2022117,WHITE,S,34
,,,,,M,36
,300,LADIES SHIRT,PAN2022117,WHITE,L,37
,,,,,XL,38
,301,LADIES SHIRT,PAN2022117,BLUSH/PINK,S,40
,,,,,M,37
,302,LADIES SHIRT,PAN2022117,BLUSH/PINK,L,41
,,,,,XL,33
,303,MEN´S TRACK JACKET,PAN2022108,BLACK,M,37
,304,MEN´S TRACK JACKET,PAN2022108,BLACK,L,40
,305,MEN´S TRACK JACKET,PAN2022108,BLACK,XL,40
,306,MEN´S TRACK JACKET,PAN2022108,BLACK,S,12
,,,,,3XL,18
,307,MEN´S TRACK JACKET,PAN2022108,BLACK,L,8
,,,,,XXL,29
,308,MEN´S TRACK JACKET,PAN2022108,NAVY,M,40
,309,MEN´S TRACK JACKET,PAN2022108,NAVY,L,40
,310,MEN´S TRACK JACKET,PAN2022108,NAVY,XL,36
,311,MEN´S TRACK JACKET,PAN2022108,NAVY,XXL,32
,312,MEN´S TRACK JACKET,PAN2022108,NAVY,S,20
,,,,,3XL,20
,313,Mens Long Pant,PAN2022109,BLACK,S,3
,,,,,M,9
,,,,,L,27
,314,Mens Long Pant,PAN2022109,BLACK,XL,14
,,,,,XXL,10
,,,,,3XL,6
,315,Mens Long Pant,PAN2022109,Navy,M,30
,316,Mens Long Pant,PAN2022109,Navy,L,35
,317,Mens Long Pant,PAN2022109,Navy,XL,35
,318,Mens Long Pant,PAN2022109,Navy,XXL,31
,319,Mens Long Pant,PAN2022109,Navy,S,2
,,,,,L,16
,,,,,XL,12
,,,,,3XL,3
,320,Women's Coated  Jegging,PAN2022006,BLACK,8,50
,321,Women's Coated  Jegging,PAN2022006,BLACK,10,60
,322,Women's Coated  Jegging,PAN2022006,BLACK,12,50
,323,Women's Coated  Jegging,PAN2022006,BLACK,14,60
,324,Women's Coated  Jegging,PAN2022006,BLACK,16,60
,325,Women's Coated  Jegging,PAN2022006,BLACK,10,40
,326,Women's Coated  Jegging,PAN2022006,BLACK,18,35
,,,,,20,22
,327,Women's Coated  Jegging,PAN2022006,BLACK,6,15
,,,,,20,2
,328,Women's Coated  Jegging,PAN2022006,RED,6,2
,,,,,8,10
,,,,,10,12
,,,,,12,6
,,,,,14,4
,,,,,18,5
,329,Women's pants,PAN2022005,NAVY,18,35
,330,Women's pants,PAN2022005,NAVY,19,60
,331,Women's pants,PAN2022005,NAVY,19,60
,332,Women's pants,PAN2022005,NAVY,19,60
,333,Women's pants,PAN2022005,NAVY,19,60
,334,Women's pants,PAN2022005,NAVY,19,60
,335,Women's pants,PAN2022005,NAVY,19,30
,336,Women's pants,PAN2022005,NAVY,20,60
,337,Women's pants,PAN2022005,NAVY,20,60
,338,Women's pants,PAN2022005,NAVY,20,60
,339,Women's pants,PAN2022005,NAVY,20,60
,340,Women's pants,PAN2022005,NAVY,20,60
,341,Women's pants,PAN2022005,NAVY,20,60
,342,Women's pants,PAN2022005,NAVY,20,60
,343,Women's pants,PAN2022005,NAVY,20,60
,344,Women's pants,PAN2022005,NAVY,20,60
,345,Women's pants,PAN2022005,NAVY,20,60
,346,Women's pants,PAN2022005,NAVY,20,60
,347,Women's pants,PAN2022005,NAVY,20,60
,348,Women's pants,PAN2022005,NAVY,20,60
,349,Women's pants,PAN2022005,NAVY,21,60
,350,Women's pants,PAN2022005,NAVY,21,60
,351,Women's pants,PAN2022005,NAVY,21,60
,352,Women's pants,PAN2022005,NAVY,21,60
,353,Women's pants,PAN2022005,NAVY,21,60
,354,Women's pants,PAN2022005,NAVY,21,60
,355,Women's pants,PAN2022005,NAVY,21,60
,356,Women's pants,PAN2022005,NAVY,21,60
,357,Women's pants,PAN2022005,NAVY,21,60
,358,Women's pants,PAN2022005,NAVY,21,60
,359,Women's pants,PAN2022005,NAVY,21,60
,360,Women's pants,PAN2022005,NAVY,21,60
,361,Women's pants,PAN2022005,NAVY,22,60
,362,Women's pants,PAN2022005,NAVY,22,60
,363,Women's pants,PAN2022005,NAVY,22,60
,364,Women's pants,PAN2022005,NAVY,22,60
,365,Women's pants,PAN2022005,NAVY,22,60
,366,Women's pants,PAN2022005,NAVY,22,60
,367,Women's pants,PAN2022005,NAVY,22,60
,368,Women's pants,PAN2022005,NAVY,22,60
,369,Women's pants,PAN2022005,NAVY,22,60
,370,Women's pants,PAN2022005,NAVY,22,60
,371,Women's pants,PAN2022005,NAVY,22,60
,372,Women's pants,PAN2022005,NAVY,22,60
,373,Women's pants,PAN2022005,NAVY,22,60
,374,Women's pants,PAN2022005,NAVY,22,60
,375,Women's pants,PAN2022005,NAVY,22,60
,376,Women's pants,PAN2022005,NAVY,22,60
,377,Women's pants,PAN2022005,NAVY,23,60
,378,Women's pants,PAN2022005,NAVY,23,60
,379,Women's pants,PAN2022005,NAVY,24,60
,380,Women's pants,PAN2022005,NAVY,24,60
,381,Women's pants,PAN2022005,NAVY,24,60
,382,Women's pants,PAN2022005,NAVY,24,60
,383,Women's pants,PAN2022005,NAVY,24,60
,384,Women's pants,PAN2022005,NAVY,24,60
,385,Women's pants,PAN2022005,NAVY,20,10
,,,,,22,30
,,,,,23,6
,386,Women's pants,PAN2022005,BLACK,24,60
,387,Women's pants,PAN2022005,BLACK,24,60
,388,Women's pants,PAN2022005,BLACK,24,60
,389,Women's pants,PAN2022005,BLACK,24,60
,390,Women's pants,PAN2022005,BLACK,19,10
,,,,,20,10
,,,,,21,10
,,,,,23,5
,391,GIRLS LONG PANT,PAN2022114,MAROON,6,40
,,,,,8,12
,392,GIRLS LONG PANT,PAN2022114,MAROON,10,50
,393,GIRLS LONG PANT,PAN2022114,MAROON,12,50
,394,GIRLS LONG PANT,PAN2022114,MAROON,14,50
,395,GIRLS LONG PANT,PAN2022114,MAROON,6,1
,,,,,8,20
,,,,,10,17
,,,,,12,9
,396,GIRLS LONG PANT,PAN2022114,VERT,8,19
,,,,,10,29
,397,GIRLS LONG PANT,PAN2022114,VERT,12,30
,,,,,14,28
,398,GIRLS LONG PANT,PAN2022114,BEIGE,10,24
,,,,,12,46
,399,GIRLS LONG PANT,PAN2022114,BEIGE,6,40
,,,,,8,30
,400,GIRLS LONG PANT,PAN2022114,BEIGE,14,35
,401,Women's Knit Trouser,PAN2022120,OFF WHITE,S,50
,402,Women's Knit Trouser,PAN2022120,OFF WHITE,S,50
,403,Women's Knit Trouser,PAN2022120,OFF WHITE,M,50
,404,Women's Knit Trouser,PAN2022120,OFF WHITE,M,50
,405,Women's Knit Trouser,PAN2022120,OFF WHITE,M,50
,406,Women's Knit Trouser,PAN2022120,OFF WHITE,M,50
,407,Women's Knit Trouser,PAN2022120,OFF WHITE,L,50
,408,Women's Knit Trouser,PAN2022120,OFF WHITE,L,50
,409,Women's Knit Trouser,PAN2022120,OFF WHITE,L,50
,410,Women's Knit Trouser,PAN2022120,OFF WHITE,L,50
,411,Women's Knit Trouser,PAN2022120,OFF WHITE,L,50
,412,Women's Knit Trouser,PAN2022120,OFF WHITE,XL,50
,413,Women's Knit Trouser,PAN2022120,OFF WHITE,S,20
,,,,,M,20
,,,,,L,10
,414,Women's Knit Trouser,PAN2022120,OFF WHITE,S,11
,,,,,M,6
,,,,,XL,19
,415,Women's Knit Trouser,PAN2022120,YELLOW,S,50
,416,Women's Knit Trouser,PAN2022120,YELLOW,S,50
,417,Women's Knit Trouser,PAN2022120,YELLOW,M,50
,418,Women's Knit Trouser,PAN2022120,YELLOW,M,50
,419,Women's Knit Trouser,PAN2022120,YELLOW,M,50
,420,Women's Knit Trouser,PAN2022120,YELLOW,M,50
,421,Women's Knit Trouser,PAN2022120,YELLOW,M,50
,422,Women's Knit Trouser,PAN2022120,YELLOW,M,50
,423,Women's Knit Trouser,PAN2022120,YELLOW,M,50
,424,Women's Knit Trouser,PAN2022120,YELLOW,L,50
,425,Women's Knit Trouser,PAN2022120,YELLOW,L,50
,426,Women's Knit Trouser,PAN2022120,YELLOW,L,50
,427,Women's Knit Trouser,PAN2022120,YELLOW,L,50
,428,Women's Knit Trouser,PAN2022120,YELLOW,L,50
,429,Women's Knit Trouser,PAN2022120,YELLOW,L,50
,430,Women's Knit Trouser,PAN2022120,YELLOW,L,50
,431,Women's Knit Trouser,PAN2022120,YELLOW,L,50
,432,Women's Knit Trouser,PAN2022120,YELLOW,XL,50
,433,Women's Knit Trouser,PAN2022120,YELLOW,XL,50
,434,Women's Knit Trouser,PAN2022120,YELLOW,S,21
,,,,,M,15
,435,Women's trouser pants,PAN2022004,BLACK,8,60
,436,Women's trouser pants,PAN2022004,BLACK,8,60
,437,Women's trouser pants,PAN2022004,BLACK,10,60
,438,Women's trouser pants,PAN2022004,BLACK,10,60
,439,Women's trouser pants,PAN2022004,BLACK,10,60
,440,Women's trouser pants,PAN2022004,BLACK,10,60
,441,Women's trouser pants,PAN2022004,BLACK,10,60
,442,Women's trouser pants,PAN2022004,BLACK,12,60
,443,Women's trouser pants,PAN2022004,BLACK,12,60
,444,Women's trouser pants,PAN2022004,BLACK,12,60
,445,Women's trouser pants,PAN2022004,BLACK,12,60
,446,Women's trouser pants,PAN2022004,BLACK,12,60
,447,Women's trouser pants,PAN2022004,BLACK,12,60
,448,Women's trouser pants,PAN2022004,BLACK,12,60
,449,Women's trouser pants,PAN2022004,BLACK,12,60
,450,Women's trouser pants,PAN2022004,BLACK,12,60
,451,Women's trouser pants,PAN2022004,BLACK,12,60
,452,Women's trouser pants,PAN2022004,BLACK,14,60
,453,Women's trouser pants,PAN2022004,BLACK,14,60
,454,Women's trouser pants,PAN2022004,BLACK,16,60
,455,Women's trouser pants,PAN2022004,BLACK,16,60
,456,Women's trouser pants,PAN2022004,BLACK,16,60
,457,Women's trouser pants,PAN2022004,BLACK,16,60
,458,Women's trouser pants,PAN2022004,BLACK,16,60
,459,Women's trouser pants,PAN2022004,BLACK,16,60
,460,Women's trouser pants,PAN2022004,BLACK,16,60
,461,Women's trouser pants,PAN2022004,BLACK,16,60
,462,Women's trouser pants,PAN2022004,BLACK,16,60
,463,Women's trouser pants,PAN2022004,BLACK,16,60
,464,Women's trouser pants,PAN2022004,BLACK,16,60
,465,Women's trouser pants,PAN2022004,BLACK,16,60
,466,Women's trouser pants,PAN2022004,BLACK,16,60
,467,Women's trouser pants,PAN2022004,BLACK,16,60
,468,Women's trouser pants,PAN2022004,BLACK,16,60
,469,Women's trouser pants,PAN2022004,BLACK,16,60
,470,Women's trouser pants,PAN2022004,BLACK,16,60
,471,Women's trouser pants,PAN2022004,BLACK,18,60
,472,Women's trouser pants,PAN2022004,BLACK,18,60
,473,Women's trouser pants,PAN2022004,BLACK,18,60
,474,Women's trouser pants,PAN2022004,BLACK,18,60
,475,Women's trouser pants,PAN2022004,BLACK,18,60
,476,Women's trouser pants,PAN2022004,BLACK,18,60
,477,Women's trouser pants,PAN2022004,BLACK,18,60
,478,Women's trouser pants,PAN2022004,BLACK,18,60
,479,Women's trouser pants,PAN2022004,BLACK,18,60
,480,Women's trouser pants,PAN2022004,BLACK,18,60
,481,Women's trouser pants,PAN2022004,BLACK,18,60
,482,Women's trouser pants,PAN2022004,BLACK,18,60
,483,Women's trouser pants,PAN2022004,BLACK,18,60
,484,Women's trouser pants,PAN2022004,BLACK,18,60
,485,Women's trouser pants,PAN2022004,BLACK,18,60
,486,Women's trouser pants,PAN2022004,BLACK,18,60
,487,Women's trouser pants,PAN2022004,BLACK,18,60
,488,Women's trouser pants,PAN2022004,BLACK,20,60
,489,Women's trouser pants,PAN2022004,BLACK,20,60
,490,Women's trouser pants,PAN2022004,BLACK,20,60
,491,Women's trouser pants,PAN2022004,BLACK,20,60
,492,Women's trouser pants,PAN2022004,BLACK,20,60
,493,Women's trouser pants,PAN2022004,BLACK,20,60
,494,Women's trouser pants,PAN2022004,BLACK,22,60
,495,Women's trouser pants,PAN2022004,BLACK,22,60
,496,Women's trouser pants,PAN2022004,BLACK,22,60
,497,Women's trouser pants,PAN2022004,BLACK,22,60
,498,Women's trouser pants,PAN2022004,BLACK,22,60
,499,Women's trouser pants,PAN2022004,BLACK,22,60
,500,Women's trouser pants,PAN2022004,BLACK,10,33
,,,,,12,27
,501,Women's trouser pants,PAN2022004,BLACK,12,30
,,,,,14,15
,,,,,20,15
,502,Women's trouser pants,PAN2022004,OLIVE,8,70
,503,Women's trouser pants,PAN2022004,OLIVE,10,70
,504,Women's trouser pants,PAN2022004,OLIVE,10,70
,505,Women's trouser pants,PAN2022004,OLIVE,16,70
,506,Women's trouser pants,PAN2022004,OLIVE,16,70
,507,Women's trouser pants,PAN2022004,OLIVE,16,70
,508,Women's trouser pants,PAN2022004,OLIVE,18,67
,509,Women's trouser pants,PAN2022004,OLIVE,18,67
,510,Women's trouser pants,PAN2022004,OLIVE,10,10
,,,,,22,60
,511,Women's trouser pants,PAN2022004,OLIVE,8,30
,,,,,12,10
,,,,,14,30
,512,Women's trouser pants,PAN2022004,OLIVE,10,10
,,,,,12,5
,,,,,16,10
,,,,,22,45
,513,Women's trouser pants,PAN2022004,YELLOW,8,65
,514,Women's trouser pants,PAN2022004,YELLOW,8,65
,515,Women's trouser pants,PAN2022004,YELLOW,8,65
,516,Women's trouser pants,PAN2022004,YELLOW,8,65
,517,Women's trouser pants,PAN2022004,YELLOW,10,62
,518,Women's trouser pants,PAN2022004,YELLOW,10,62
,519,Women's trouser pants,PAN2022004,YELLOW,10,62
,520,Women's trouser pants,PAN2022004,YELLOW,10,62
,521,Women's trouser pants,PAN2022004,YELLOW,10,62
,522,Women's trouser pants,PAN2022004,YELLOW,12,60
,523,Women's trouser pants,PAN2022004,YELLOW,12,60
,524,Women's trouser pants,PAN2022004,YELLOW,12,60
,525,Women's trouser pants,PAN2022004,YELLOW,12,60
,526,Women's trouser pants,PAN2022004,YELLOW,12,60
,527,Women's trouser pants,PAN2022004,YELLOW,12,60
,528,Women's trouser pants,PAN2022004,YELLOW,12,60
,529,Women's trouser pants,PAN2022004,YELLOW,12,60
,530,Women's trouser pants,PAN2022004,YELLOW,12,60
,531,Women's trouser pants,PAN2022004,YELLOW,12,60
,532,Women's trouser pants,PAN2022004,YELLOW,12,60
,533,Women's trouser pants,PAN2022004,YELLOW,12,60
,534,Women's trouser pants,PAN2022004,YELLOW,12,60
,535,Women's trouser pants,PAN2022004,YELLOW,12,60
,536,Women's trouser pants,PAN2022004,YELLOW,12,60
,537,Women's trouser pants,PAN2022004,YELLOW,12,60
,538,Women's trouser pants,PAN2022004,YELLOW,12,60
,539,Women's trouser pants,PAN2022004,YELLOW,14,60
,540,Women's trouser pants,PAN2022004,YELLOW,14,60
,541,Women's trouser pants,PAN2022004,YELLOW,14,60
,542,Women's trouser pants,PAN2022004,YELLOW,14,60
,543,Women's trouser pants,PAN2022004,YELLOW,14,60
,544,Women's trouser pants,PAN2022004,YELLOW,14,60
,545,Women's trouser pants,PAN2022004,YELLOW,14,60
,546,Women's trouser pants,PAN2022004,YELLOW,14,60
,547,Women's trouser pants,PAN2022004,YELLOW,14,60
,548,Women's trouser pants,PAN2022004,YELLOW,14,60
,549,Women's trouser pants,PAN2022004,YELLOW,14,60
,550,Women's trouser pants,PAN2022004,YELLOW,14,60
,551,Women's trouser pants,PAN2022004,YELLOW,14,60
,552,Women's trouser pants,PAN2022004,YELLOW,14,60
,553,Women's trouser pants,PAN2022004,YELLOW,14,60
,554,Women's trouser pants,PAN2022004,YELLOW,14,60
,555,Women's trouser pants,PAN2022004,YELLOW,14,60
,556,Women's trouser pants,PAN2022004,YELLOW,14,60
,557,Women's trouser pants,PAN2022004,YELLOW,14,60
,558,Women's trouser pants,PAN2022004,YELLOW,14,60
,559,Women's trouser pants,PAN2022004,YELLOW,14,60
,560,Women's trouser pants,PAN2022004,YELLOW,14,60
,561,Women's trouser pants,PAN2022004,YELLOW,14,60
,562,Women's trouser pants,PAN2022004,YELLOW,14,60
,563,Women's trouser pants,PAN2022004,YELLOW,14,60
,564,Women's trouser pants,PAN2022004,YELLOW,16,60
,565,Women's trouser pants,PAN2022004,YELLOW,16,60
,566,Women's trouser pants,PAN2022004,YELLOW,16,60
,567,Women's trouser pants,PAN2022004,YELLOW,16,60
,568,Women's trouser pants,PAN2022004,YELLOW,16,60
,569,Women's trouser pants,PAN2022004,YELLOW,16,60
,570,Women's trouser pants,PAN2022004,YELLOW,16,60
,571,Women's trouser pants,PAN2022004,YELLOW,16,60
,572,Women's trouser pants,PAN2022004,YELLOW,16,60
,573,Women's trouser pants,PAN2022004,YELLOW,16,60
,574,Women's trouser pants,PAN2022004,YELLOW,16,60
,575,Women's trouser pants,PAN2022004,YELLOW,16,60
,576,Women's trouser pants,PAN2022004,YELLOW,16,60
,577,Women's trouser pants,PAN2022004,YELLOW,16,60
,578,Women's trouser pants,PAN2022004,YELLOW,16,60
,579,Women's trouser pants,PAN2022004,YELLOW,16,60
,580,Women's trouser pants,PAN2022004,YELLOW,16,60
,581,Women's trouser pants,PAN2022004,YELLOW,16,60
,582,Women's trouser pants,PAN2022004,YELLOW,16,60
,583,Women's trouser pants,PAN2022004,YELLOW,16,60
,584,Women's trouser pants,PAN2022004,YELLOW,16,60
,585,Women's trouser pants,PAN2022004,YELLOW,16,60
,586,Women's trouser pants,PAN2022004,YELLOW,16,60
,587,Women's trouser pants,PAN2022004,YELLOW,16,60
,588,Women's trouser pants,PAN2022004,YELLOW,16,60
,589,Women's trouser pants,PAN2022004,YELLOW,16,60
,590,Women's trouser pants,PAN2022004,YELLOW,16,60
,591,Women's trouser pants,PAN2022004,YELLOW,16,60
,592,Women's trouser pants,PAN2022004,YELLOW,16,60
,593,Women's trouser pants,PAN2022004,YELLOW,16,60
,594,Women's trouser pants,PAN2022004,YELLOW,16,60
,595,Women's trouser pants,PAN2022004,YELLOW,18,60
,596,Women's trouser pants,PAN2022004,YELLOW,18,60
,597,Women's trouser pants,PAN2022004,YELLOW,18,60
,598,Women's trouser pants,PAN2022004,YELLOW,18,60
,599,Women's trouser pants,PAN2022004,YELLOW,18,60
,600,Women's trouser pants,PAN2022004,YELLOW,18,60
,601,Women's trouser pants,PAN2022004,YELLOW,18,60
,602,Women's trouser pants,PAN2022004,YELLOW,18,60
,603,Women's trouser pants,PAN2022004,YELLOW,18,60
,604,Women's trouser pants,PAN2022004,YELLOW,18,60
,605,Women's trouser pants,PAN2022004,YELLOW,18,60
,606,Women's trouser pants,PAN2022004,YELLOW,18,60
,607,Women's trouser pants,PAN2022004,YELLOW,18,60
,608,Women's trouser pants,PAN2022004,YELLOW,18,60
,609,Women's trouser pants,PAN2022004,YELLOW,18,60
,610,Women's trouser pants,PAN2022004,YELLOW,18,60
,611,Women's trouser pants,PAN2022004,YELLOW,18,60
,612,Women's trouser pants,PAN2022004,YELLOW,18,60
,613,Women's trouser pants,PAN2022004,YELLOW,18,60
,614,Women's trouser pants,PAN2022004,YELLOW,18,60
,615,Women's trouser pants,PAN2022004,YELLOW,18,60
,616,Women's trouser pants,PAN2022004,YELLOW,18,60
,617,Women's trouser pants,PAN2022004,YELLOW,18,60
,618,Women's trouser pants,PAN2022004,YELLOW,18,60
,619,Women's trouser pants,PAN2022004,YELLOW,20,60
,620,Women's trouser pants,PAN2022004,YELLOW,20,60
,621,Women's trouser pants,PAN2022004,YELLOW,20,60
,622,Women's trouser pants,PAN2022004,YELLOW,20,60
,623,Women's trouser pants,PAN2022004,YELLOW,20,60
,624,Women's trouser pants,PAN2022004,YELLOW,20,60
,625,Women's trouser pants,PAN2022004,YELLOW,20,60
,626,Women's trouser pants,PAN2022004,YELLOW,20,60
,627,Women's trouser pants,PAN2022004,YELLOW,20,60
,628,Women's trouser pants,PAN2022004,YELLOW,20,60
,629,Women's trouser pants,PAN2022004,YELLOW,20,60
,630,Women's trouser pants,PAN2022004,YELLOW,20,60
,631,Women's trouser pants,PAN2022004,YELLOW,20,60
,632,Women's trouser pants,PAN2022004,YELLOW,20,60
,633,Women's trouser pants,PAN2022004,YELLOW,20,56
,634,Women's trouser pants,PAN2022004,YELLOW,22,68
,635,Women's trouser pants,PAN2022004,YELLOW,22,68
,636,Women's trouser pants,PAN2022004,YELLOW,22,68
,637,Women's trouser pants,PAN2022004,YELLOW,22,68
,638,Women's trouser pants,PAN2022004,YELLOW,12,20
,,,,,14,17
,,,,,16,20
,,,,,22,13
,639,Women's trouser pants,PAN2022004,RED,8,70
,640,Women's trouser pants,PAN2022004,RED,10,70
,641,Women's trouser pants,PAN2022004,RED,10,70
,642,Women's trouser pants,PAN2022004,RED,12,70
,643,Women's trouser pants,PAN2022004,RED,14,70
,644,Women's trouser pants,PAN2022004,RED,14,70
,645,Women's trouser pants,PAN2022004,RED,14,70
,646,Women's trouser pants,PAN2022004,RED,16,64
,647,Women's trouser pants,PAN2022004,RED,16,64
,648,Women's trouser pants,PAN2022004,RED,16,64
,649,Women's trouser pants,PAN2022004,RED,16,64
,650,Women's trouser pants,PAN2022004,RED,16,64
,651,Women's trouser pants,PAN2022004,RED,16,64
,652,Women's trouser pants,PAN2022004,RED,18,70
,653,Women's trouser pants,PAN2022004,RED,20,60
,654,Women's trouser pants,PAN2022004,RED,20,20
,,,,,22,46
,655,Womens Round Neck Sweat Shirt,PAN2022113_A,Tap Shoe,M,10
,,,,,L,6
,,,,,XL,5
,656,Womens Round Neck Sweat Shirt,PAN2022113_A,Bright White,M,10
,,,,,L,6
,,,,,XL,5
,657,Womens Round Neck Sweat Shirt,PAN2022113_A,sap green,M,10
,,,,,L,6
,,,,,XL,5
,658,Womens Round Neck Sweat Shirt,PAN2022113_A,minion yellow,M,10
,,,,,L,6
,,,,,XL,5
,659,Womens Round Neck Sweat Shirt,PAN2022113_A,amber yellow,M,10
,,,,,L,6
,,,,,XL,5
,660,Womens Round Neck Sweat Shirt,PAN2022113_A,fragrant lilac,M,10
,,,,,L,6
,,,,,XL,5
,661,Womens Round Neck Sweat Shirt,PAN2022113_A,bright marigold,M,10
,,,,,L,6
,,,,,XL,5
,662,Womens Round Neck Sweat Shirt,PAN2022113_A,peony,M,10
,,,,,L,6
,,,,,XL,5
,663,Womens Round Neck Sweat Shirt,PAN2022113_A,serenity,M,10
,,,,,L,6
,,,,,XL,5
,664,Womens Round Neck Sweat Shirt,PAN2022113_A,delphinium blue,M,10
,,,,,L,6
,,,,,XL,5
,665,Womens Round Neck Sweat Shirt,PAN2022113_A,fuchia purple,M,10
,,,,,L,6
,,,,,XL,5
,666,Womens Round Neck Sweat Shirt,PAN2022113_A,scooter,M,10
,,,,,L,6
,,,,,XL,5
,667,Womens Round Neck Sweat Shirt,PAN2022113_A,blueprint,M,10
,,,,,L,6
,,,,,XL,5
,668,Womens Round Neck Sweat Shirt,PAN2022113_A,surf the web,M,10
,,,,,L,6
,,,,,XL,5
,669,Womens Round Neck Sweat Shirt,PAN2022113_A,trekking green,M,10
,,,,,L,6
,,,,,XL,5
,670,Womens Round Neck Sweat Shirt,PAN2022113_A,lt grey mel,M,10
,,,,,L,6
,,,,,XL,5
,671,Womens Round Neck Sweat Shirt,PAN2022113_A,Canyon Rose,M,10
,,,,,L,6
,,,,,XL,5
,672,Womens Round Neck Sweat Shirt,PAN2022113_A,Lavender,M,10
,,,,,L,6
,,,,,XL,5
,673,Womens Round Neck Sweat Shirt,PAN2022113_A,Silver Pine,M,10
,,,,,L,6
,,,,,XL,5
,674,Womens Round Neck Sweat Shirt,PAN2022113_A,bombay brown,M,10
,,,,,L,6
,,,,,XL,5
,675,Men's Round Neck Sweat Shirt,PAN2022078,tap shoe,M,8
,,,,,L,7
,,,,,XL,6
,676,Men's Round Neck Sweat Shirt,PAN2022078,SULPHUR SPRING,M,8
,,,,,L,7
,,,,,XL,6
,677,Men's Round Neck Sweat Shirt,PAN2022078,bright white,M,8
,,,,,L,7
,,,,,XL,6
,678,Men's Round Neck Sweat Shirt,PAN2022078,grapeade,M,8
,,,,,L,7
,,,,,XL,6
,679,Men's Round Neck Sweat Shirt,PAN2022078,DUSTY BLUE,M,8
,,,,,L,7
,,,,,XL,6
,680,Men's Round Neck Sweat Shirt,PAN2022078,ICED COFFEE,M,8
,,,,,L,7
,,,,,XL,6
,681,Men's Round Neck Sweat Shirt,PAN2022078,blue turquoise,M,8
,,,,,L,7
,,,,,XL,6
,682,Men's Round Neck Sweat Shirt,PAN2022078,orange rust,M,8
,,,,,L,7
,,,,,XL,6
,683,Men's Round Neck Sweat Shirt,PAN2022078,oxblood red,M,8
,,,,,L,7
,,,,,XL,6
,684,Men's Round Neck Sweat Shirt,PAN2022078,delphinium blue,M,8
,,,,,L,7
,,,,,XL,6
,685,Men's Round Neck Sweat Shirt,PAN2022078,DARK SAPPHIRE ,M,8
,,,,,L,7
,,,,,XL,6
,686,Men's Round Neck Sweat Shirt,PAN2022078,crabapple,M,8
,,,,,L,7
,,,,,XL,6
,687,Men's Round Neck Sweat Shirt,PAN2022078,withered rose,M,8
,,,,,L,7
,,,,,XL,6
,688,Men's Round Neck Sweat Shirt,PAN2022078,peacoat blue,M,8
,,,,,L,7
,,,,,XL,6
,689,Men's Round Neck Sweat Shirt,PAN2022078,DESERT SAGE,M,8
,,,,,L,7
,,,,,XL,6
,690,Men's Round Neck Sweat Shirt,PAN2022078,amber yellow,M,8
,,,,,L,7
,,,,,XL,6
,691,Men's Round Neck Sweat Shirt,PAN2022078,pompeian red,M,8
,,,,,L,7
,,,,,XL,6
,692,Men's Round Neck Sweat Shirt,PAN2022078,trekking green,M,8
,,,,,L,7
,,,,,XL,6
,693,Men's Round Neck Sweat Shirt,PAN2022078,lt grey mel,M,8
,,,,,L,7
,,,,,XL,6
,694,Men's Hooded Sweatshirt,PAN2022077,blue turquoise,M,8
,,,,,L,7
,,,,,XL,6
,695,Men's Hooded Sweatshirt,PAN2022077,pompeian red,M,8
,,,,,L,7
,,,,,XL,6
,696,Men's Hooded Sweatshirt,PAN2022077,lt grey mel,M,8
,,,,,L,7
,,,,,XL,6
,697,Men's Hooded Sweatshirt,PAN2022077,MALLARD GREEN ,M,8
,,,,,L,7
,,,,,XL,6
,698,Men's Hooded Sweatshirt,PAN2022077,SULPHUR SPRING,M,8
,,,,,L,7
,,,,,XL,6
,699,Men's Hooded Sweatshirt,PAN2022077,oxblood red,M,8
,,,,,L,7
,,,,,XL,6
,700,Men's Hooded Sweatshirt,PAN2022077,orange rust,M,8
,,,,,L,7
,,,,,XL,6
,701,Men's Hooded Sweatshirt,PAN2022077,amber yellow,M,8
,,,,,L,7
,,,,,XL,6
,702,Men's Hooded Sweatshirt,PAN2022077,tap shoe,M,8
,,,,,L,7
,,,,,XL,6
,703,Men's Hooded Sweatshirt,PAN2022077,DESERT SAGE,M,8
,,,,,L,7
,,,,,XL,6
,704,Men's Hooded Sweatshirt,PAN2022077,DUSTY BLUE,M,8
,,,,,L,7
,,,,,XL,6
,705,Men's Hooded Sweatshirt,PAN2022077,pale mauve,M,8
,,,,,L,7
,,,,,XL,6
,706,Men's Hooded Sweatshirt,PAN2022077,ICED COFFEE,M,8
,,,,,L,7
,,,,,XL,6
,707,Men's Hooded Sweatshirt,PAN2022077,trekking green,M,8
,,,,,L,7
,,,,,XL,6
,708,Men's Hooded Sweatshirt,PAN2022077,peacoat blue,M,8
,,,,,L,7
,,,,,XL,6
,709,Men's Hooded Sweatshirt,PAN2022077,DRESS BLUE,M,8
,,,,,L,7
,,,,,XL,6
,710,MENS SHORTS,PAN2022115,INDIGO,S,35
,711,MENS SHORTS,PAN2022115,INDIGO,M,35
,712,MENS SHORTS,PAN2022115,INDIGO,L,35
,713,MENS SHORTS,PAN2022115,INDIGO,M,25
,,,,,L,4
,,,,,XL,6
,714,MENS SHORTS,PAN2022115,INDIGO,S,20
,,,,,L,15
,715,MENS SHORTS,PAN2022115,BLUE,S,35
,716,MENS SHORTS,PAN2022115,BLUE,M,39
,717,MENS SHORTS,PAN2022115,BLUE,M,30
,,,,,XL,3
,718,MENS SHORTS,PAN2022115,BLUE,L,35
,719,MENS SHORTS,PAN2022115,BLUE,S,15
,,,,,L,15
,720,MENS SHORTS,PAN2022115,GREY,M,33
,721,MENS SHORTS,PAN2022115,GREY,XL,29
,722,MENS SHORTS,PAN2022115,GREY,S,11
,,,,,L,22
,723,MENS SHORTS,PAN2022115_A,BLACK,S,13
,,,,,M,15
,,,,,L,12
,724,MENS SHORTS,PAN2022115_A,BLACK,S,10
,,,,,M,13
,,,,,L,22
,725,CANVAS BOYS SHORTS,PAN2022113,BLACK,6,80
,726,CANVAS BOYS SHORTS,PAN2022113,BLACK,8,80
,727,CANVAS BOYS SHORTS,PAN2022113,BLACK,10,80
,728,CANVAS BOYS SHORTS,PAN2022113,BLACK,12,80
,729,CANVAS BOYS SHORTS,PAN2022113,BLACK,6,35
,,,,,8,20
,,,,,10,30
,730,CANVAS BOYS SHORTS,PAN2022113,BLACK,12,30
,,,,,14,30
,731,CANVAS BOYS SHORTS,PAN2022113,BEIGE,6,79
,732,CANVAS BOYS SHORTS,PAN2022113,BEIGE,8,2
,,,,,12,50
,733,CANVAS BOYS SHORTS,PAN2022113,BEIGE,10,70
,734,Men's Cargo Pant,PAN2022107,BLACK,50,35
,735,Men's Cargo Pant,PAN2022107,BLACK,52,35
,736,Men's Cargo Pant,PAN2022107,BLACK,54,35
,737,Men's Cargo Pant,PAN2022107,BLACK,56,22
,,,,,58,16
,738,Men's Cargo Pant,PAN2022107,BLACK,48,21
,,,,,50,12
,,,,,52,6
,739,Men's SS T-Shirt ( 3 PCs Pack),PAN2022002A,Black + Grey + Light Grey,S,28
,740,Men's SS T-Shirt ( 3 PCs Pack),PAN2022002A,Black + Grey + Light Grey,M,36
,741,Men's SS T-Shirt ( 3 PCs Pack),PAN2022002A,Black + Grey + Light Grey,M,36
,742,Men's SS T-Shirt ( 3 PCs Pack),PAN2022002A,Black + Grey + Light Grey,M,36
,743,Men's SS T-Shirt ( 3 PCs Pack),PAN2022002A,Black + Grey + Light Grey,M,36
,744,Men's SS T-Shirt ( 3 PCs Pack),PAN2022002A,Black + Grey + Light Grey,L,36
,745,Men's SS T-Shirt ( 3 PCs Pack),PAN2022002A,Black + Grey + Light Grey,L,36
,746,Men's SS T-Shirt ( 3 PCs Pack),PAN2022002A,Black + Grey + Light Grey,L,36
,747,Men's SS T-Shirt ( 3 PCs Pack),PAN2022002A,Black + Grey + Light Grey,XL,36
,748,Men's SS T-Shirt ( 3 PCs Pack),PAN2022002A,Black + Grey + Light Grey,XL,36
,749,Men's SS T-Shirt ( 3 PCs Pack),PAN2022002A,Black + Grey + Light Grey,XL,36
,750,Men's SS T-Shirt ( 3 PCs Pack),PAN2022002A,Black + Grey + Light Grey,M,21
,,,,,L,4
,,,,,XL,4
,751,Men's LS T-Shirt (3 PCs Pack),PAN2022002B,Black + Grey + Light Grey,S,35
,752,Men's LS T-Shirt (3 PCs Pack),PAN2022002B,Black + Grey + Light Grey,S,35
,753,Men's LS T-Shirt (3 PCs Pack),PAN2022002B,Black + Grey + Light Grey,M,35
,754,Men's LS T-Shirt (3 PCs Pack),PAN2022002B,Black + Grey + Light Grey,M,35
,755,Men's LS T-Shirt (3 PCs Pack),PAN2022002B,Black + Grey + Light Grey,M,35
,756,Men's LS T-Shirt (3 PCs Pack),PAN2022002B,Black + Grey + Light Grey,M,35
,757,Men's LS T-Shirt (3 PCs Pack),PAN2022002B,Black + Grey + Light Grey,L,28
,758,Men's LS T-Shirt (3 PCs Pack),PAN2022002B,Black + Grey + Light Grey,L,28
,759,Men's LS T-Shirt (3 PCs Pack),PAN2022002B,Black + Grey + Light Grey,L,28
,760,Men's LS T-Shirt (3 PCs Pack),PAN2022002B,Black + Grey + Light Grey,L,28
,761,Men's LS T-Shirt (3 PCs Pack),PAN2022002B,Black + Grey + Light Grey,L,28
,762,Men's LS T-Shirt (3 PCs Pack),PAN2022002B,Black + Grey + Light Grey,XL,28
,763,Men's LS T-Shirt (3 PCs Pack),PAN2022002B,Black + Grey + Light Grey,XL,28
,764,Men's LS T-Shirt (3 PCs Pack),PAN2022002B,Black + Grey + Light Grey,XL,28
,765,Men's LS T-Shirt (3 PCs Pack),PAN2022002B,Black + Grey + Light Grey,XL,28
,766,Men's LS T-Shirt (3 PCs Pack),PAN2022002B,Black + Grey + Light Grey,XL,28
,767,Men's LS T-Shirt (3 PCs Pack),PAN2022002B,Black + Grey + Light Grey,XXL,23
,768,Men's LS T-Shirt (3 PCs Pack),PAN2022002B,Black + Grey + Light Grey,XXL,23
,769,Men's LS T-Shirt (3 PCs Pack),PAN2022002B,Black + Grey + Light Grey,XXL,23
,770,Men's LS T-Shirt (3 PCs Pack),PAN2022002B,Black + Grey + Light Grey,3XL,23
,771,Men's LS T-Shirt (3 PCs Pack),PAN2022002B,Black + Grey + Light Grey,3XL,23
,772,Men's LS T-Shirt (3 PCs Pack),PAN2022002B,Black + Grey + Light Grey,3XL,23
,773,Men's LS T-Shirt (3 PCs Pack),PAN2022002B,Black + Grey + Light Grey,M,11
,,,,,L,14
,774,Men's LS T-Shirt (3 PCs Pack),PAN2022002B,Black + Grey + Light Grey,XL,14
,,,,,XXL,1
,,,,,3XL,1
,775,Men's LS T-Shirt (3 PCs Pack),PAN2022002B,Black + Grey + Light Grey,S,35
,776,Men's LS T-Shirt (3 PCs Pack),PAN2022002B,Black + Grey + Light Grey,S,35
,777,Men's LS T-Shirt (3 PCs Pack),PAN2022002B,Black + Grey + Light Grey,M,30
,778,Men's LS T-Shirt (3 PCs Pack),PAN2022002B,Black + Grey + Light Grey,M,30
,779,Men's LS T-Shirt (3 PCs Pack),PAN2022002B,Black + Grey + Light Grey,M,30
,780,Men's LS T-Shirt (3 PCs Pack),PAN2022002B,Black + Grey + Light Grey,M,30
,781,Men's LS T-Shirt (3 PCs Pack),PAN2022002B,Black + Grey + Light Grey,M,30
,782,Men's LS T-Shirt (3 PCs Pack),PAN2022002B,Black + Grey + Light Grey,L,30
,783,Men's LS T-Shirt (3 PCs Pack),PAN2022002B,Black + Grey + Light Grey,L,30
,784,Men's LS T-Shirt (3 PCs Pack),PAN2022002B,Black + Grey + Light Grey,L,30
,785,Men's LS T-Shirt (3 PCs Pack),PAN2022002B,Black + Grey + Light Grey,L,30
,786,Men's LS T-Shirt (3 PCs Pack),PAN2022002B,Black + Grey + Light Grey,L,30
,787,Men's LS T-Shirt (3 PCs Pack),PAN2022002B,Black + Grey + Light Grey,XL,30
,788,Men's LS T-Shirt (3 PCs Pack),PAN2022002B,Black + Grey + Light Grey,XL,30
,789,Men's LS T-Shirt (3 PCs Pack),PAN2022002B,Black + Grey + Light Grey,XL,30
,790,Men's LS T-Shirt (3 PCs Pack),PAN2022002B,Black + Grey + Light Grey,XL,30
,791,Men's LS T-Shirt (3 PCs Pack),PAN2022002B,Black + Grey + Light Grey,XL,30
,792,Men's LS T-Shirt (3 PCs Pack),PAN2022002B,Black + Grey + Light Grey,XXL,20
,793,Men's LS T-Shirt (3 PCs Pack),PAN2022002B,Black + Grey + Light Grey,XXL,20
,794,Men's LS T-Shirt (3 PCs Pack),PAN2022002B,Black + Grey + Light Grey,XXL,20
,795,Men's LS T-Shirt (3 PCs Pack),PAN2022002B,Black + Grey + Light Grey,XXL,20
,796,Men's LS T-Shirt (3 PCs Pack),PAN2022002B,Black + Grey + Light Grey,XXL,20
,797,Men's LS T-Shirt (3 PCs Pack),PAN2022002B,Black + Grey + Light Grey,XXL,20
,798,Men's LS T-Shirt (3 PCs Pack),PAN2022002B,Black + Grey + Light Grey,3XL,20
,799,Men's LS T-Shirt (3 PCs Pack),PAN2022002B,Black + Grey + Light Grey,3XL,20
,800,Men's LS T-Shirt (3 PCs Pack),PAN2022002B,Black + Grey + Light Grey,3XL,20
,801,Men's LS T-Shirt (3 PCs Pack),PAN2022002B,Black + Grey + Light Grey,M,4
,,,,,L,4
,,,,,XL,4
,,,,,XXL,6
,,,,,3XL,10
,802,Men's SS & LS T-Shirt (6 PCs Pack),PAN2022002C,Black + Grey + Light Grey,S,21
,803,Men's SS & LS T-Shirt (6 PCs Pack),PAN2022002C,Black + Grey + Light Grey,S,21
,804,Men's SS & LS T-Shirt (6 PCs Pack),PAN2022002C,Black + Grey + Light Grey,S,21
,805,Men's SS & LS T-Shirt (6 PCs Pack),PAN2022002C,Black + Grey + Light Grey,S,21
,806,Men's SS & LS T-Shirt (6 PCs Pack),PAN2022002C,Black + Grey + Light Grey,S,21
,807,Men's SS & LS T-Shirt (6 PCs Pack),PAN2022002C,Black + Grey + Light Grey,S,21
,808,Men's SS & LS T-Shirt (6 PCs Pack),PAN2022002C,Black + Grey + Light Grey,S,21
,809,Men's SS & LS T-Shirt (6 PCs Pack),PAN2022002C,Black + Grey + Light Grey,S,21
,810,Men's SS & LS T-Shirt (6 PCs Pack),PAN2022002C,Black + Grey + Light Grey,S,21
,811,Men's SS & LS T-Shirt (6 PCs Pack),PAN2022002C,Black + Grey + Light Grey,S,21
,812,Men's SS & LS T-Shirt (6 PCs Pack),PAN2022002C,Black + Grey + Light Grey,S,21
,813,Men's SS & LS T-Shirt (6 PCs Pack),PAN2022002C,Black + Grey + Light Grey,S,21
,814,Men's SS & LS T-Shirt (6 PCs Pack),PAN2022002C,Black + Grey + Light Grey,S,21
,815,Men's SS & LS T-Shirt (6 PCs Pack),PAN2022002C,Black + Grey + Light Grey,S,21
,816,Men's SS & LS T-Shirt (6 PCs Pack),PAN2022002C,Black + Grey + Light Grey,S,21
,817,Men's SS & LS T-Shirt (6 PCs Pack),PAN2022002C,Black + Grey + Light Grey,S,21
,818,Men's SS & LS T-Shirt (6 PCs Pack),PAN2022002C,Black + Grey + Light Grey,S,21
,819,Men's SS & LS T-Shirt (6 PCs Pack),PAN2022002C,Black + Grey + Light Grey,S,21
,820,Men's SS & LS T-Shirt (6 PCs Pack),PAN2022002C,Black + Grey + Light Grey,M,18
,821,Men's SS & LS T-Shirt (6 PCs Pack),PAN2022002C,Black + Grey + Light Grey,M,18
,822,Men's SS & LS T-Shirt (6 PCs Pack),PAN2022002C,Black + Grey + Light Grey,M,18
,823,Men's SS & LS T-Shirt (6 PCs Pack),PAN2022002C,Black + Grey + Light Grey,M,18
,824,Men's SS & LS T-Shirt (6 PCs Pack),PAN2022002C,Black + Grey + Light Grey,M,18
,825,Men's SS & LS T-Shirt (6 PCs Pack),PAN2022002C,Black + Grey + Light Grey,M,18
,826,Men's SS & LS T-Shirt (6 PCs Pack),PAN2022002C,Black + Grey + Light Grey,M,18
,827,Men's SS & LS T-Shirt (6 PCs Pack),PAN2022002C,Black + Grey + Light Grey,M,18
,828,Men's SS & LS T-Shirt (6 PCs Pack),PAN2022002C,Black + Grey + Light Grey,M,18
,829,Men's SS & LS T-Shirt (6 PCs Pack),PAN2022002C,Black + Grey + Light Grey,M,18
,830,Men's SS & LS T-Shirt (6 PCs Pack),PAN2022002C,Black + Grey + Light Grey,M,18
,831,Men's SS & LS T-Shirt (6 PCs Pack),PAN2022002C,Black + Grey + Light Grey,M,18
,832,Men's SS & LS T-Shirt (6 PCs Pack),PAN2022002C,Black + Grey + Light Grey,M,18
,833,Men's SS & LS T-Shirt (6 PCs Pack),PAN2022002C,Black + Grey + Light Grey,M,18
,834,Men's SS & LS T-Shirt (6 PCs Pack),PAN2022002C,Black + Grey + Light Grey,M,18
,835,Men's SS & LS T-Shirt (6 PCs Pack),PAN2022002C,Black + Grey + Light Grey,M,18
,836,Men's SS & LS T-Shirt (6 PCs Pack),PAN2022002C,Black + Grey + Light Grey,M,18
,837,Men's SS & LS T-Shirt (6 PCs Pack),PAN2022002C,Black + Grey + Light Grey,M,18
,838,Men's SS & LS T-Shirt (6 PCs Pack),PAN2022002C,Black + Grey + Light Grey,M,18
,839,Men's SS & LS T-Shirt (6 PCs Pack),PAN2022002C,Black + Grey + Light Grey,M,18
,840,Men's SS & LS T-Shirt (6 PCs Pack),PAN2022002C,Black + Grey + Light Grey,M,18
,841,Men's SS & LS T-Shirt (6 PCs Pack),PAN2022002C,Black + Grey + Light Grey,M,18
,842,Men's SS & LS T-Shirt (6 PCs Pack),PAN2022002C,Black + Grey + Light Grey,M,18
,843,Men's SS & LS T-Shirt (6 PCs Pack),PAN2022002C,Black + Grey + Light Grey,M,18
,844,Men's SS & LS T-Shirt (6 PCs Pack),PAN2022002C,Black + Grey + Light Grey,M,18
,845,Men's SS & LS T-Shirt (6 PCs Pack),PAN2022002C,Black + Grey + Light Grey,M,18
,846,Men's SS & LS T-Shirt (6 PCs Pack),PAN2022002C,Black + Grey + Light Grey,M,18
,847,Men's SS & LS T-Shirt (6 PCs Pack),PAN2022002C,Black + Grey + Light Grey,M,18
,848,Men's SS & LS T-Shirt (6 PCs Pack),PAN2022002C,Black + Grey + Light Grey,M,18
,849,Men's SS & LS T-Shirt (6 PCs Pack),PAN2022002C,Black + Grey + Light Grey,M,18
,850,Men's SS & LS T-Shirt (6 PCs Pack),PAN2022002C,Black + Grey + Light Grey,M,18
,851,Men's SS & LS T-Shirt (6 PCs Pack),PAN2022002C,Black + Grey + Light Grey,M,18
,852,Men's SS & LS T-Shirt (6 PCs Pack),PAN2022002C,Black + Grey + Light Grey,M,18
,853,Men's SS & LS T-Shirt (6 PCs Pack),PAN2022002C,Black + Grey + Light Grey,M,18
,854,Men's SS & LS T-Shirt (6 PCs Pack),PAN2022002C,Black + Grey + Light Grey,M,18
,855,Men's SS & LS T-Shirt (6 PCs Pack),PAN2022002C,Black + Grey + Light Grey,M,18
,856,Men's SS & LS T-Shirt (6 PCs Pack),PAN2022002C,Black + Grey + Light Grey,M,18
,857,Men's SS & LS T-Shirt (6 PCs Pack),PAN2022002C,Black + Grey + Light Grey,M,18
,858,Men's SS & LS T-Shirt (6 PCs Pack),PAN2022002C,Black + Grey + Light Grey,M,18
,859,Men's SS & LS T-Shirt (6 PCs Pack),PAN2022002C,Black + Grey + Light Grey,M,18
,860,Men's SS & LS T-Shirt (6 PCs Pack),PAN2022002C,Black + Grey + Light Grey,M,18
,861,Men's SS & LS T-Shirt (6 PCs Pack),PAN2022002C,Black + Grey + Light Grey,M,18
,862,Men's SS & LS T-Shirt (6 PCs Pack),PAN2022002C,Black + Grey + Light Grey,L,18
,863,Men's SS & LS T-Shirt (6 PCs Pack),PAN2022002C,Black + Grey + Light Grey,L,18
,864,Men's SS & LS T-Shirt (6 PCs Pack),PAN2022002C,Black + Grey + Light Grey,L,18
,865,Men's SS & LS T-Shirt (6 PCs Pack),PAN2022002C,Black + Grey + Light Grey,L,18
,866,Men's SS & LS T-Shirt (6 PCs Pack),PAN2022002C,Black + Grey + Light Grey,L,18
,867,Men's SS & LS T-Shirt (6 PCs Pack),PAN2022002C,Black + Grey + Light Grey,L,18
,868,Men's SS & LS T-Shirt (6 PCs Pack),PAN2022002C,Black + Grey + Light Grey,L,18
,869,Men's SS & LS T-Shirt (6 PCs Pack),PAN2022002C,Black + Grey + Light Grey,L,18
,870,Men's SS & LS T-Shirt (6 PCs Pack),PAN2022002C,Black + Grey + Light Grey,L,18
,871,Men's SS & LS T-Shirt (6 PCs Pack),PAN2022002C,Black + Grey + Light Grey,L,18
,872,Men's SS & LS T-Shirt (6 PCs Pack),PAN2022002C,Black + Grey + Light Grey,L,18
,873,Men's SS & LS T-Shirt (6 PCs Pack),PAN2022002C,Black + Grey + Light Grey,L,18
,874,Men's SS & LS T-Shirt (6 PCs Pack),PAN2022002C,Black + Grey + Light Grey,L,18
,875,Men's SS & LS T-Shirt (6 PCs Pack),PAN2022002C,Black + Grey + Light Grey,L,18
,876,Men's SS & LS T-Shirt (6 PCs Pack),PAN2022002C,Black + Grey + Light Grey,L,18
,877,Men's SS & LS T-Shirt (6 PCs Pack),PAN2022002C,Black + Grey + Light Grey,L,18
,878,Men's SS & LS T-Shirt (6 PCs Pack),PAN2022002C,Black + Grey + Light Grey,L,18
,879,Men's SS & LS T-Shirt (6 PCs Pack),PAN2022002C,Black + Grey + Light Grey,L,18
,880,Men's SS & LS T-Shirt (6 PCs Pack),PAN2022002C,Black + Grey + Light Grey,L,18
,881,Men's SS & LS T-Shirt (6 PCs Pack),PAN2022002C,Black + Grey + Light Grey,L,18
,882,Men's SS & LS T-Shirt (6 PCs Pack),PAN2022002C,Black + Grey + Light Grey,L,18
,883,Men's SS & LS T-Shirt (6 PCs Pack),PAN2022002C,Black + Grey + Light Grey,L,18
,884,Men's SS & LS T-Shirt (6 PCs Pack),PAN2022002C,Black + Grey + Light Grey,L,18
,885,Men's SS & LS T-Shirt (6 PCs Pack),PAN2022002C,Black + Grey + Light Grey,L,18
,886,Men's SS & LS T-Shirt (6 PCs Pack),PAN2022002C,Black + Grey + Light Grey,L,18
,887,Men's SS & LS T-Shirt (6 PCs Pack),PAN2022002C,Black + Grey + Light Grey,L,18
,888,Men's SS & LS T-Shirt (6 PCs Pack),PAN2022002C,Black + Grey + Light Grey,L,18
,889,Men's SS & LS T-Shirt (6 PCs Pack),PAN2022002C,Black + Grey + Light Grey,L,18
,890,Men's SS & LS T-Shirt (6 PCs Pack),PAN2022002C,Black + Grey + Light Grey,L,18
,891,Men's SS & LS T-Shirt (6 PCs Pack),PAN2022002C,Black + Grey + Light Grey,L,18
,892,Men's SS & LS T-Shirt (6 PCs Pack),PAN2022002C,Black + Grey + Light Grey,L,18
,893,Men's SS & LS T-Shirt (6 PCs Pack),PAN2022002C,Black + Grey + Light Grey,L,18
,894,Men's SS & LS T-Shirt (6 PCs Pack),PAN2022002C,Black + Grey + Light Grey,L,18
,895,Men's SS & LS T-Shirt (6 PCs Pack),PAN2022002C,Black + Grey + Light Grey,L,18
,896,Men's SS & LS T-Shirt (6 PCs Pack),PAN2022002C,Black + Grey + Light Grey,L,18
,897,Men's SS & LS T-Shirt (6 PCs Pack),PAN2022002C,Black + Grey + Light Grey,L,18
,898,Men's SS & LS T-Shirt (6 PCs Pack),PAN2022002C,Black + Grey + Light Grey,L,18
,899,Men's SS & LS T-Shirt (6 PCs Pack),PAN2022002C,Black + Grey + Light Grey,L,18
,900,Men's SS & LS T-Shirt (6 PCs Pack),PAN2022002C,Black + Grey + Light Grey,L,18
,901,Men's SS & LS T-Shirt (6 PCs Pack),PAN2022002C,Black + Grey + Light Grey,L,18
,902,Men's SS & LS T-Shirt (6 PCs Pack),PAN2022002C,Black + Grey + Light Grey,L,18
,903,Men's SS & LS T-Shirt (6 PCs Pack),PAN2022002C,Black + Grey + Light Grey,L,18
,904,Men's SS & LS T-Shirt (6 PCs Pack),PAN2022002C,Black + Grey + Light Grey,XL,18
,905,Men's SS & LS T-Shirt (6 PCs Pack),PAN2022002C,Black + Grey + Light Grey,XL,18
,906,Men's SS & LS T-Shirt (6 PCs Pack),PAN2022002C,Black + Grey + Light Grey,XL,18
,907,Men's SS & LS T-Shirt (6 PCs Pack),PAN2022002C,Black + Grey + Light Grey,XL,18
,908,Men's SS & LS T-Shirt (6 PCs Pack),PAN2022002C,Black + Grey + Light Grey,XL,18
,909,Men's SS & LS T-Shirt (6 PCs Pack),PAN2022002C,Black + Grey + Light Grey,XL,18
,910,Men's SS & LS T-Shirt (6 PCs Pack),PAN2022002C,Black + Grey + Light Grey,XL,18
,911,Men's SS & LS T-Shirt (6 PCs Pack),PAN2022002C,Black + Grey + Light Grey,XL,18
,912,Men's SS & LS T-Shirt (6 PCs Pack),PAN2022002C,Black + Grey + Light Grey,XL,18
,913,Men's SS & LS T-Shirt (6 PCs Pack),PAN2022002C,Black + Grey + Light Grey,XL,18
,914,Men's SS & LS T-Shirt (6 PCs Pack),PAN2022002C,Black + Grey + Light Grey,XL,18
,915,Men's SS & LS T-Shirt (6 PCs Pack),PAN2022002C,Black + Grey + Light Grey,XL,18
,916,Men's SS & LS T-Shirt (6 PCs Pack),PAN2022002C,Black + Grey + Light Grey,XL,18
,917,Men's SS & LS T-Shirt (6 PCs Pack),PAN2022002C,Black + Grey + Light Grey,XL,18
,918,Men's SS & LS T-Shirt (6 PCs Pack),PAN2022002C,Black + Grey + Light Grey,XL,18
,919,Men's SS & LS T-Shirt (6 PCs Pack),PAN2022002C,Black + Grey + Light Grey,XL,18
,920,Men's SS & LS T-Shirt (6 PCs Pack),PAN2022002C,Black + Grey + Light Grey,XL,18
,921,Men's SS & LS T-Shirt (6 PCs Pack),PAN2022002C,Black + Grey + Light Grey,XL,18
,922,Men's SS & LS T-Shirt (6 PCs Pack),PAN2022002C,Black + Grey + Light Grey,XL,18
,923,Men's SS & LS T-Shirt (6 PCs Pack),PAN2022002C,Black + Grey + Light Grey,XL,18
,924,Men's SS & LS T-Shirt (6 PCs Pack),PAN2022002C,Black + Grey + Light Grey,XL,18
,925,Men's SS & LS T-Shirt (6 PCs Pack),PAN2022002C,Black + Grey + Light Grey,XL,18
,926,Men's SS & LS T-Shirt (6 PCs Pack),PAN2022002C,Black + Grey + Light Grey,XL,18
,927,Men's SS & LS T-Shirt (6 PCs Pack),PAN2022002C,Black + Grey + Light Grey,XL,18
,928,Men's SS & LS T-Shirt (6 PCs Pack),PAN2022002C,Black + Grey + Light Grey,XL,18
,929,Men's SS & LS T-Shirt (6 PCs Pack),PAN2022002C,Black + Grey + Light Grey,XL,18
,930,Men's SS & LS T-Shirt (6 PCs Pack),PAN2022002C,Black + Grey + Light Grey,XL,18
,931,Men's SS & LS T-Shirt (6 PCs Pack),PAN2022002C,Black + Grey + Light Grey,XL,18
,932,Men's SS & LS T-Shirt (6 PCs Pack),PAN2022002C,Black + Grey + Light Grey,XL,18
,933,Men's SS & LS T-Shirt (6 PCs Pack),PAN2022002C,Black + Grey + Light Grey,XL,18
,934,Men's SS & LS T-Shirt (6 PCs Pack),PAN2022002C,Black + Grey + Light Grey,XL,18
,935,Men's SS & LS T-Shirt (6 PCs Pack),PAN2022002C,Black + Grey + Light Grey,XL,18
,936,Men's SS & LS T-Shirt (6 PCs Pack),PAN2022002C,Black + Grey + Light Grey,XL,18
,937,Men's SS & LS T-Shirt (6 PCs Pack),PAN2022002C,Black + Grey + Light Grey,XL,18
,938,Men's SS & LS T-Shirt (6 PCs Pack),PAN2022002C,Black + Grey + Light Grey,XL,18
,939,Men's SS & LS T-Shirt (6 PCs Pack),PAN2022002C,Black + Grey + Light Grey,XL,18
,940,Men's SS & LS T-Shirt (6 PCs Pack),PAN2022002C,Black + Grey + Light Grey,XL,18
,941,Men's SS & LS T-Shirt (6 PCs Pack),PAN2022002C,Black + Grey + Light Grey,XL,18
,942,Men's SS & LS T-Shirt (6 PCs Pack),PAN2022002C,Black + Grey + Light Grey,XL,18
,943,Men's SS & LS T-Shirt (6 PCs Pack),PAN2022002C,Black + Grey + Light Grey,XL,18
,944,Men's SS & LS T-Shirt (6 PCs Pack),PAN2022002C,Black + Grey + Light Grey,XL,18
,945,Men's SS & LS T-Shirt (6 PCs Pack),PAN2022002C,Black + Grey + Light Grey,XL,18
,946,Men's SS & LS T-Shirt (6 PCs Pack),PAN2022002C,Black + Grey + Light Grey,XXL,16
,947,Men's SS & LS T-Shirt (6 PCs Pack),PAN2022002C,Black + Grey + Light Grey,XXL,16
,948,Men's SS & LS T-Shirt (6 PCs Pack),PAN2022002C,Black + Grey + Light Grey,XXL,16
,949,Men's SS & LS T-Shirt (6 PCs Pack),PAN2022002C,Black + Grey + Light Grey,XXL,16
,950,Men's SS & LS T-Shirt (6 PCs Pack),PAN2022002C,Black + Grey + Light Grey,XXL,16
,951,Men's SS & LS T-Shirt (6 PCs Pack),PAN2022002C,Black + Grey + Light Grey,XXL,16
,952,Men's SS & LS T-Shirt (6 PCs Pack),PAN2022002C,Black + Grey + Light Grey,XXL,16
,953,Men's SS & LS T-Shirt (6 PCs Pack),PAN2022002C,Black + Grey + Light Grey,XXL,16
,954,Men's SS & LS T-Shirt (6 PCs Pack),PAN2022002C,Black + Grey + Light Grey,XXL,16
,955,Men's SS & LS T-Shirt (6 PCs Pack),PAN2022002C,Black + Grey + Light Grey,XXL,16
,956,Men's SS & LS T-Shirt (6 PCs Pack),PAN2022002C,Black + Grey + Light Grey,XXL,16
,957,Men's SS & LS T-Shirt (6 PCs Pack),PAN2022002C,Black + Grey + Light Grey,XXL,16
,958,Men's SS & LS T-Shirt (6 PCs Pack),PAN2022002C,Black + Grey + Light Grey,XXL,16
,959,Men's SS & LS T-Shirt (6 PCs Pack),PAN2022002C,Black + Grey + Light Grey,XXL,16
,960,Men's SS & LS T-Shirt (6 PCs Pack),PAN2022002C,Black + Grey + Light Grey,XXL,16
,961,Men's SS & LS T-Shirt (6 PCs Pack),PAN2022002C,Black + Grey + Light Grey,XXL,16
,962,Men's SS & LS T-Shirt (6 PCs Pack),PAN2022002C,Black + Grey + Light Grey,3XL,16
,963,Men's SS & LS T-Shirt (6 PCs Pack),PAN2022002C,Black + Grey + Light Grey,3XL,16
,964,Men's SS & LS T-Shirt (6 PCs Pack),PAN2022002C,Black + Grey + Light Grey,3XL,16
,965,Men's SS & LS T-Shirt (6 PCs Pack),PAN2022002C,Black + Grey + Light Grey,3XL,16
,966,Men's SS & LS T-Shirt (6 PCs Pack),PAN2022002C,Black + Grey + Light Grey,3XL,16
,967,Men's SS & LS T-Shirt (6 PCs Pack),PAN2022002C,Black + Grey + Light Grey,3XL,16
,968,Men's SS & LS T-Shirt (6 PCs Pack),PAN2022002C,Black + Grey + Light Grey,3XL,16
,969,Men's SS & LS T-Shirt (6 PCs Pack),PAN2022002C,Black + Grey + Light Grey,3XL,16
,970,Men's SS & LS T-Shirt (6 PCs Pack),PAN2022002C,Black + Grey + Light Grey,3XL,16
,971,Men's SS & LS T-Shirt (6 PCs Pack),PAN2022002C,Black + Grey + Light Grey,3XL,16
,972,Men's SS & LS T-Shirt (6 PCs Pack),PAN2022002C,Black + Grey + Light Grey,3XL,16
,973,Men's SS & LS T-Shirt (6 PCs Pack),PAN2022002C,Black + Grey + Light Grey,3XL,16
,974,Men's SS & LS T-Shirt (6 PCs Pack),PAN2022002C,Black + Grey + Light Grey,3XL,16
,975,Men's SS & LS T-Shirt (6 PCs Pack),PAN2022002C,Black + Grey + Light Grey,3XL,16
,976,Men's SS & LS T-Shirt (6 PCs Pack),PAN2022002C,Black + Grey + Light Grey,3XL,16
,977,Men's SS & LS T-Shirt (6 PCs Pack),PAN2022002C,Black + Grey + Light Grey,3XL,16
,978,Men's SS & LS T-Shirt (6 PCs Pack),PAN2022002C,Black + Grey + Light Grey,3XL,16
,979,Men's SS & LS T-Shirt (6 PCs Pack),PAN2022002C,Black + Grey + Light Grey,3XL,16
,980,Men's SS & LS T-Shirt (6 PCs Pack),PAN2022002C,Black + Grey + Light Grey,3XL,16
,981,Men's SS & LS T-Shirt (6 PCs Pack),PAN2022002C,Black + Grey + Light Grey,3XL,16
,982,Men's SS & LS T-Shirt (6 PCs Pack),PAN2022002C,Black + Grey + Light Grey,3XL,16
,983,Men's SS & LS T-Shirt (6 PCs Pack),PAN2022002C,Black + Grey + Light Grey,3XL,16
,984,Men's SS & LS T-Shirt (6 PCs Pack),PAN2022002C,Black + Grey + Light Grey,3XL,16
,985,Men's SS & LS T-Shirt (6 PCs Pack),PAN2022002C,Black + Grey + Light Grey,3XL,16
,986,Men's SS & LS T-Shirt (6 PCs Pack),PAN2022002C,Black + Grey + Light Grey,S,13
,,,,,XL,4
,,,,,XXL,4
,987,Men's SS & LS T-Shirt (6 PCs Pack),PAN2022002C,Black + Grey + Light Grey,M,4
,,,,,L,4
,,,,,3XL,12
,988,Men's Boxer (6 PCs Pack),PAN2022001,Black + Grey + Light Grey,S,32
,989,Men's Boxer (6 PCs Pack),PAN2022001,Black + Grey + Light Grey,S,32
,990,Men's Boxer (6 PCs Pack),PAN2022001,Black + Grey + Light Grey,S,32
,991,Men's Boxer (6 PCs Pack),PAN2022001,Black + Grey + Light Grey,S,32
,992,Men's Boxer (6 PCs Pack),PAN2022001,Black + Grey + Light Grey,S,32
,993,Men's Boxer (6 PCs Pack),PAN2022001,Black + Grey + Light Grey,S,32
,994,Men's Boxer (6 PCs Pack),PAN2022001,Black + Grey + Light Grey,S,32
,995,Men's Boxer (6 PCs Pack),PAN2022001,Black + Grey + Light Grey,S,32
,996,Men's Boxer (6 PCs Pack),PAN2022001,Black + Grey + Light Grey,S,32
,997,Men's Boxer (6 PCs Pack),PAN2022001,Black + Grey + Light Grey,S,32
,998,Men's Boxer (6 PCs Pack),PAN2022001,Black + Grey + Light Grey,S,32
,999,Men's Boxer (6 PCs Pack),PAN2022001,Black + Grey + Light Grey,S,32
,1000,Men's Boxer (6 PCs Pack),PAN2022001,Black + Grey + Light Grey,S,32
,1001,Men's Boxer (6 PCs Pack),PAN2022001,Black + Grey + Light Grey,S,32
,1002,Men's Boxer (6 PCs Pack),PAN2022001,Black + Grey + Light Grey,S,32
,1003,Men's Boxer (6 PCs Pack),PAN2022001,Black + Grey + Light Grey,S,32
,1004,Men's Boxer (6 PCs Pack),PAN2022001,Black + Grey + Light Grey,S,24
,1005,Men's Boxer (6 PCs Pack),PAN2022001,Black + Grey + Light Grey,M,32
,1006,Men's Boxer (6 PCs Pack),PAN2022001,Black + Grey + Light Grey,M,32
,1007,Men's Boxer (6 PCs Pack),PAN2022001,Black + Grey + Light Grey,M,32
,1008,Men's Boxer (6 PCs Pack),PAN2022001,Black + Grey + Light Grey,M,32
,1009,Men's Boxer (6 PCs Pack),PAN2022001,Black + Grey + Light Grey,M,32
,1010,Men's Boxer (6 PCs Pack),PAN2022001,Black + Grey + Light Grey,M,32
,1011,Men's Boxer (6 PCs Pack),PAN2022001,Black + Grey + Light Grey,M,32
,1012,Men's Boxer (6 PCs Pack),PAN2022001,Black + Grey + Light Grey,M,32
,1013,Men's Boxer (6 PCs Pack),PAN2022001,Black + Grey + Light Grey,M,32
,1014,Men's Boxer (6 PCs Pack),PAN2022001,Black + Grey + Light Grey,M,32
,1015,Men's Boxer (6 PCs Pack),PAN2022001,Black + Grey + Light Grey,M,32
,1016,Men's Boxer (6 PCs Pack),PAN2022001,Black + Grey + Light Grey,M,32
,1017,Men's Boxer (6 PCs Pack),PAN2022001,Black + Grey + Light Grey,M,32
,1018,Men's Boxer (6 PCs Pack),PAN2022001,Black + Grey + Light Grey,M,32
,1019,Men's Boxer (6 PCs Pack),PAN2022001,Black + Grey + Light Grey,M,32
,1020,Men's Boxer (6 PCs Pack),PAN2022001,Black + Grey + Light Grey,M,32
,1021,Men's Boxer (6 PCs Pack),PAN2022001,Black + Grey + Light Grey,M,32
,1022,Men's Boxer (6 PCs Pack),PAN2022001,Black + Grey + Light Grey,M,32
,1023,Men's Boxer (6 PCs Pack),PAN2022001,Black + Grey + Light Grey,M,32
,1024,Men's Boxer (6 PCs Pack),PAN2022001,Black + Grey + Light Grey,M,32
,1025,Men's Boxer (6 PCs Pack),PAN2022001,Black + Grey + Light Grey,M,32
,1026,Men's Boxer (6 PCs Pack),PAN2022001,Black + Grey + Light Grey,M,32
,1027,Men's Boxer (6 PCs Pack),PAN2022001,Black + Grey + Light Grey,M,32
,1028,Men's Boxer (6 PCs Pack),PAN2022001,Black + Grey + Light Grey,M,32
,1029,Men's Boxer (6 PCs Pack),PAN2022001,Black + Grey + Light Grey,M,32
,1030,Men's Boxer (6 PCs Pack),PAN2022001,Black + Grey + Light Grey,M,32
,1031,Men's Boxer (6 PCs Pack),PAN2022001,Black + Grey + Light Grey,M,32
,1032,Men's Boxer (6 PCs Pack),PAN2022001,Black + Grey + Light Grey,M,32
,1033,Men's Boxer (6 PCs Pack),PAN2022001,Black + Grey + Light Grey,M,32
,1034,Men's Boxer (6 PCs Pack),PAN2022001,Black + Grey + Light Grey,M,32
,1035,Men's Boxer (6 PCs Pack),PAN2022001,Black + Grey + Light Grey,M,32
,1036,Men's Boxer (6 PCs Pack),PAN2022001,Black + Grey + Light Grey,M,32
,1037,Men's Boxer (6 PCs Pack),PAN2022001,Black + Grey + Light Grey,M,32
,1038,Men's Boxer (6 PCs Pack),PAN2022001,Black + Grey + Light Grey,M,16
,1039,Men's Boxer (6 PCs Pack),PAN2022001,Black + Grey + Light Grey,L,32
,1040,Men's Boxer (6 PCs Pack),PAN2022001,Black + Grey + Light Grey,L,32
,1041,Men's Boxer (6 PCs Pack),PAN2022001,Black + Grey + Light Grey,L,32
,1042,Men's Boxer (6 PCs Pack),PAN2022001,Black + Grey + Light Grey,L,32
,1043,Men's Boxer (6 PCs Pack),PAN2022001,Black + Grey + Light Grey,L,32
,1044,Men's Boxer (6 PCs Pack),PAN2022001,Black + Grey + Light Grey,L,32
,1045,Men's Boxer (6 PCs Pack),PAN2022001,Black + Grey + Light Grey,L,32
,1046,Men's Boxer (6 PCs Pack),PAN2022001,Black + Grey + Light Grey,L,32
,1047,Men's Boxer (6 PCs Pack),PAN2022001,Black + Grey + Light Grey,L,32
,1048,Men's Boxer (6 PCs Pack),PAN2022001,Black + Grey + Light Grey,L,32
,1049,Men's Boxer (6 PCs Pack),PAN2022001,Black + Grey + Light Grey,L,32
,1050,Men's Boxer (6 PCs Pack),PAN2022001,Black + Grey + Light Grey,L,32
,1051,Men's Boxer (6 PCs Pack),PAN2022001,Black + Grey + Light Grey,L,32
,1052,Men's Boxer (6 PCs Pack),PAN2022001,Black + Grey + Light Grey,L,32
,1053,Men's Boxer (6 PCs Pack),PAN2022001,Black + Grey + Light Grey,L,32
,1054,Men's Boxer (6 PCs Pack),PAN2022001,Black + Grey + Light Grey,L,32
,1055,Men's Boxer (6 PCs Pack),PAN2022001,Black + Grey + Light Grey,L,32
,1056,Men's Boxer (6 PCs Pack),PAN2022001,Black + Grey + Light Grey,L,32
,1057,Men's Boxer (6 PCs Pack),PAN2022001,Black + Grey + Light Grey,L,32
,1058,Men's Boxer (6 PCs Pack),PAN2022001,Black + Grey + Light Grey,L,32
,1059,Men's Boxer (6 PCs Pack),PAN2022001,Black + Grey + Light Grey,L,32
,1060,Men's Boxer (6 PCs Pack),PAN2022001,Black + Grey + Light Grey,L,32
,1061,Men's Boxer (6 PCs Pack),PAN2022001,Black + Grey + Light Grey,L,32
,1062,Men's Boxer (6 PCs Pack),PAN2022001,Black + Grey + Light Grey,L,32
,1063,Men's Boxer (6 PCs Pack),PAN2022001,Black + Grey + Light Grey,L,32
,1064,Men's Boxer (6 PCs Pack),PAN2022001,Black + Grey + Light Grey,L,32
,1065,Men's Boxer (6 PCs Pack),PAN2022001,Black + Grey + Light Grey,L,32
,1066,Men's Boxer (6 PCs Pack),PAN2022001,Black + Grey + Light Grey,L,32
,1067,Men's Boxer (6 PCs Pack),PAN2022001,Black + Grey + Light Grey,L,32
,1068,Men's Boxer (6 PCs Pack),PAN2022001,Black + Grey + Light Grey,L,32
,1069,Men's Boxer (6 PCs Pack),PAN2022001,Black + Grey + Light Grey,L,32
,1070,Men's Boxer (6 PCs Pack),PAN2022001,Black + Grey + Light Grey,L,24
,1071,Men's Boxer (6 PCs Pack),PAN2022001,Black + Grey + Light Grey,XL,32
,1072,Men's Boxer (6 PCs Pack),PAN2022001,Black + Grey + Light Grey,XL,32
,1073,Men's Boxer (6 PCs Pack),PAN2022001,Black + Grey + Light Grey,XL,32
,1074,Men's Boxer (6 PCs Pack),PAN2022001,Black + Grey + Light Grey,XL,32
,1075,Men's Boxer (6 PCs Pack),PAN2022001,Black + Grey + Light Grey,XL,32
,1076,Men's Boxer (6 PCs Pack),PAN2022001,Black + Grey + Light Grey,XL,32
,1077,Men's Boxer (6 PCs Pack),PAN2022001,Black + Grey + Light Grey,XL,32
,1078,Men's Boxer (6 PCs Pack),PAN2022001,Black + Grey + Light Grey,XL,32
,1079,Men's Boxer (6 PCs Pack),PAN2022001,Black + Grey + Light Grey,XL,32
,1080,Men's Boxer (6 PCs Pack),PAN2022001,Black + Grey + Light Grey,XL,32
,1081,Men's Boxer (6 PCs Pack),PAN2022001,Black + Grey + Light Grey,XL,32
,1082,Men's Boxer (6 PCs Pack),PAN2022001,Black + Grey + Light Grey,XL,32
,1083,Men's Boxer (6 PCs Pack),PAN2022001,Black + Grey + Light Grey,XL,32
,1084,Men's Boxer (6 PCs Pack),PAN2022001,Black + Grey + Light Grey,XL,32
,1085,Men's Boxer (6 PCs Pack),PAN2022001,Black + Grey + Light Grey,XL,32
,1086,Men's Boxer (6 PCs Pack),PAN2022001,Black + Grey + Light Grey,XL,32
,1087,Men's Boxer (6 PCs Pack),PAN2022001,Black + Grey + Light Grey,XL,32
,1088,Men's Boxer (6 PCs Pack),PAN2022001,Black + Grey + Light Grey,XL,32
,1089,Men's Boxer (6 PCs Pack),PAN2022001,Black + Grey + Light Grey,XL,32
,1090,Men's Boxer (6 PCs Pack),PAN2022001,Black + Grey + Light Grey,XL,32
,1091,Men's Boxer (6 PCs Pack),PAN2022001,Black + Grey + Light Grey,XL,32
,1092,Men's Boxer (6 PCs Pack),PAN2022001,Black + Grey + Light Grey,XL,32
,1093,Men's Boxer (6 PCs Pack),PAN2022001,Black + Grey + Light Grey,XL,32
,1094,Men's Boxer (6 PCs Pack),PAN2022001,Black + Grey + Light Grey,XL,32
,1095,Men's Boxer (6 PCs Pack),PAN2022001,Black + Grey + Light Grey,XL,32
,1096,Men's Boxer (6 PCs Pack),PAN2022001,Black + Grey + Light Grey,XL,32
,1097,Men's Boxer (6 PCs Pack),PAN2022001,Black + Grey + Light Grey,XL,32
,1098,Men's Boxer (6 PCs Pack),PAN2022001,Black + Grey + Light Grey,XL,32
,1099,Men's Boxer (6 PCs Pack),PAN2022001,Black + Grey + Light Grey,XL,32
,1100,Men's Boxer (6 PCs Pack),PAN2022001,Black + Grey + Light Grey,XL,32
,1101,Men's Boxer (6 PCs Pack),PAN2022001,Black + Grey + Light Grey,XL,32
,1102,Men's Boxer (6 PCs Pack),PAN2022001,Black + Grey + Light Grey,XL,24
,1103,Men's Boxer (6 PCs Pack),PAN2022001,Black + Grey + Light Grey,XXL,32
,1104,Men's Boxer (6 PCs Pack),PAN2022001,Black + Grey + Light Grey,XXL,32
,1105,Men's Boxer (6 PCs Pack),PAN2022001,Black + Grey + Light Grey,XXL,32
,1106,Men's Boxer (6 PCs Pack),PAN2022001,Black + Grey + Light Grey,XXL,32
,1107,Men's Boxer (6 PCs Pack),PAN2022001,Black + Grey + Light Grey,XXL,32
,1108,Men's Boxer (6 PCs Pack),PAN2022001,Black + Grey + Light Grey,XXL,32
,1109,Men's Boxer (6 PCs Pack),PAN2022001,Black + Grey + Light Grey,XXL,32
,1110,Men's Boxer (6 PCs Pack),PAN2022001,Black + Grey + Light Grey,XXL,32
,1111,Men's Boxer (6 PCs Pack),PAN2022001,Black + Grey + Light Grey,XXL,32
,1112,Men's Boxer (6 PCs Pack),PAN2022001,Black + Grey + Light Grey,XXL,32
,1113,Men's Boxer (6 PCs Pack),PAN2022001,Black + Grey + Light Grey,XXL,32
,1114,Men's Boxer (6 PCs Pack),PAN2022001,Black + Grey + Light Grey,XXL,32
,1115,Men's Boxer (6 PCs Pack),PAN2022001,Black + Grey + Light Grey,XXL,32
,1116,Men's Boxer (6 PCs Pack),PAN2022001,Black + Grey + Light Grey,XXL,32
,1117,Men's Boxer (6 PCs Pack),PAN2022001,Black + Grey + Light Grey,XXL,32
,1118,Baby Romper (6 PCs Pack),PAN2022003,Black + Grey + Light Grey,50,32
,1119,Baby Romper (6 PCs Pack),PAN2022003,Black + Grey + Light Grey,50,32
,1120,Baby Romper (6 PCs Pack),PAN2022003,Black + Grey + Light Grey,50,32
,1121,Baby Romper (6 PCs Pack),PAN2022003,Black + Grey + Light Grey,50,32
,1122,Baby Romper (6 PCs Pack),PAN2022003,Black + Grey + Light Grey,50,32
,1123,Baby Romper (6 PCs Pack),PAN2022003,Black + Grey + Light Grey,50,32
,1124,Baby Romper (6 PCs Pack),PAN2022003,Black + Grey + Light Grey,50,32
,1125,Baby Romper (6 PCs Pack),PAN2022003,Black + Grey + Light Grey,50,32
,1126,Baby Romper (6 PCs Pack),PAN2022003,Black + Grey + Light Grey,50,32
,1127,Baby Romper (6 PCs Pack),PAN2022003,Black + Grey + Light Grey,50,32
,1128,Baby Romper (6 PCs Pack),PAN2022003,Black + Grey + Light Grey,50,32
,1129,Baby Romper (6 PCs Pack),PAN2022003,Black + Grey + Light Grey,50,30
,1130,Baby Romper (6 PCs Pack),PAN2022003,Black + Grey + Light Grey,56,32
,1131,Baby Romper (6 PCs Pack),PAN2022003,Black + Grey + Light Grey,56,32
,1132,Baby Romper (6 PCs Pack),PAN2022003,Black + Grey + Light Grey,56,32
,1133,Baby Romper (6 PCs Pack),PAN2022003,Black + Grey + Light Grey,56,32
,1134,Baby Romper (6 PCs Pack),PAN2022003,Black + Grey + Light Grey,56,32
,1135,Baby Romper (6 PCs Pack),PAN2022003,Black + Grey + Light Grey,56,32
,1136,Baby Romper (6 PCs Pack),PAN2022003,Black + Grey + Light Grey,56,32
,1137,Baby Romper (6 PCs Pack),PAN2022003,Black + Grey + Light Grey,56,32
,1138,Baby Romper (6 PCs Pack),PAN2022003,Black + Grey + Light Grey,56,32
,1139,Baby Romper (6 PCs Pack),PAN2022003,Black + Grey + Light Grey,56,32
,1140,Baby Romper (6 PCs Pack),PAN2022003,Black + Grey + Light Grey,56,32
,1141,Baby Romper (6 PCs Pack),PAN2022003,Black + Grey + Light Grey,56,32
,1142,Baby Romper (6 PCs Pack),PAN2022003,Black + Grey + Light Grey,56,32
,1143,Baby Romper (6 PCs Pack),PAN2022003,Black + Grey + Light Grey,56,32
,1144,Baby Romper (6 PCs Pack),PAN2022003,Black + Grey + Light Grey,56,32
,1145,Baby Romper (6 PCs Pack),PAN2022003,Black + Grey + Light Grey,56,32
,1146,Baby Romper (6 PCs Pack),PAN2022003,Black + Grey + Light Grey,56,32
,1147,Baby Romper (6 PCs Pack),PAN2022003,Black + Grey + Light Grey,56,32
,1148,Baby Romper (6 PCs Pack),PAN2022003,Black + Grey + Light Grey,56,32
,1149,Baby Romper (6 PCs Pack),PAN2022003,Black + Grey + Light Grey,56,32
,1150,Baby Romper (6 PCs Pack),PAN2022003,Black + Grey + Light Grey,56,32
,1151,Baby Romper (6 PCs Pack),PAN2022003,Black + Grey + Light Grey,56,32
,1152,Baby Romper (6 PCs Pack),PAN2022003,Black + Grey + Light Grey,56,32
,1153,Baby Romper (6 PCs Pack),PAN2022003,Black + Grey + Light Grey,56,28
,1154,Baby Romper (6 PCs Pack),PAN2022003,Black + Grey + Light Grey,62,32
,1155,Baby Romper (6 PCs Pack),PAN2022003,Black + Grey + Light Grey,62,32
,1156,Baby Romper (6 PCs Pack),PAN2022003,Black + Grey + Light Grey,62,32
,1157,Baby Romper (6 PCs Pack),PAN2022003,Black + Grey + Light Grey,62,32
,1158,Baby Romper (6 PCs Pack),PAN2022003,Black + Grey + Light Grey,62,32
,1159,Baby Romper (6 PCs Pack),PAN2022003,Black + Grey + Light Grey,62,32
,1160,Baby Romper (6 PCs Pack),PAN2022003,Black + Grey + Light Grey,62,32
,1161,Baby Romper (6 PCs Pack),PAN2022003,Black + Grey + Light Grey,62,32
,1162,Baby Romper (6 PCs Pack),PAN2022003,Black + Grey + Light Grey,62,32
,1163,Baby Romper (6 PCs Pack),PAN2022003,Black + Grey + Light Grey,62,32
,1164,Baby Romper (6 PCs Pack),PAN2022003,Black + Grey + Light Grey,62,32
,1165,Baby Romper (6 PCs Pack),PAN2022003,Black + Grey + Light Grey,62,32
,1166,Baby Romper (6 PCs Pack),PAN2022003,Black + Grey + Light Grey,62,32
,1167,Baby Romper (6 PCs Pack),PAN2022003,Black + Grey + Light Grey,62,32
,1168,Baby Romper (6 PCs Pack),PAN2022003,Black + Grey + Light Grey,62,32
,1169,Baby Romper (6 PCs Pack),PAN2022003,Black + Grey + Light Grey,62,32
,1170,Baby Romper (6 PCs Pack),PAN2022003,Black + Grey + Light Grey,62,32
,1171,Baby Romper (6 PCs Pack),PAN2022003,Black + Grey + Light Grey,62,32
,1172,Baby Romper (6 PCs Pack),PAN2022003,Black + Grey + Light Grey,62,32
,1173,Baby Romper (6 PCs Pack),PAN2022003,Black + Grey + Light Grey,62,32
,1174,Baby Romper (6 PCs Pack),PAN2022003,Black + Grey + Light Grey,62,32
,1175,Baby Romper (6 PCs Pack),PAN2022003,Black + Grey + Light Grey,62,32
,1176,Baby Romper (6 PCs Pack),PAN2022003,Black + Grey + Light Grey,62,32
,1177,Baby Romper (6 PCs Pack),PAN2022003,Black + Grey + Light Grey,62,28
,1178,Baby Romper (6 PCs Pack),PAN2022003,Black + Grey + Light Grey,68,32
,1179,Baby Romper (6 PCs Pack),PAN2022003,Black + Grey + Light Grey,68,32
,1180,Baby Romper (6 PCs Pack),PAN2022003,Black + Grey + Light Grey,68,32
,1181,Baby Romper (6 PCs Pack),PAN2022003,Black + Grey + Light Grey,68,32
,1182,Baby Romper (6 PCs Pack),PAN2022003,Black + Grey + Light Grey,68,32
,1183,Baby Romper (6 PCs Pack),PAN2022003,Black + Grey + Light Grey,68,32
,1184,Baby Romper (6 PCs Pack),PAN2022003,Black + Grey + Light Grey,68,32
,1185,Baby Romper (6 PCs Pack),PAN2022003,Black + Grey + Light Grey,68,32
,1186,Baby Romper (6 PCs Pack),PAN2022003,Black + Grey + Light Grey,68,32
,1187,Baby Romper (6 PCs Pack),PAN2022003,Black + Grey + Light Grey,68,32
,1188,Baby Romper (6 PCs Pack),PAN2022003,Black + Grey + Light Grey,68,32
,1189,Baby Romper (6 PCs Pack),PAN2022003,Black + Grey + Light Grey,68,32
,1190,Baby Romper (6 PCs Pack),PAN2022003,Black + Grey + Light Grey,68,32
,1191,Baby Romper (6 PCs Pack),PAN2022003,Black + Grey + Light Grey,68,32
,1192,Baby Romper (6 PCs Pack),PAN2022003,Black + Grey + Light Grey,68,32
,1193,Baby Romper (6 PCs Pack),PAN2022003,Black + Grey + Light Grey,68,32
,1194,Baby Romper (6 PCs Pack),PAN2022003,Black + Grey + Light Grey,68,32
,1195,Baby Romper (6 PCs Pack),PAN2022003,Black + Grey + Light Grey,68,32
,1196,Baby Romper (6 PCs Pack),PAN2022003,Black + Grey + Light Grey,68,32
,1197,Baby Romper (6 PCs Pack),PAN2022003,Black + Grey + Light Grey,68,32
,1198,Baby Romper (6 PCs Pack),PAN2022003,Black + Grey + Light Grey,68,32
,1199,Baby Romper (6 PCs Pack),PAN2022003,Black + Grey + Light Grey,68,32
,1200,Baby Romper (6 PCs Pack),PAN2022003,Black + Grey + Light Grey,68,32
,1201,Baby Romper (6 PCs Pack),PAN2022003,Black + Grey + Light Grey,68,28
,1202,Baby Romper (6 PCs Pack),PAN2022003,Black + Grey + Light Grey,74,32
,1203,Baby Romper (6 PCs Pack),PAN2022003,Black + Grey + Light Grey,74,32
,1204,Baby Romper (6 PCs Pack),PAN2022003,Black + Grey + Light Grey,74,32
,1205,Baby Romper (6 PCs Pack),PAN2022003,Black + Grey + Light Grey,74,32
,1206,Baby Romper (6 PCs Pack),PAN2022003,Black + Grey + Light Grey,74,32
,1207,Baby Romper (6 PCs Pack),PAN2022003,Black + Grey + Light Grey,74,32
,1208,Baby Romper (6 PCs Pack),PAN2022003,Black + Grey + Light Grey,74,32
,1209,Baby Romper (6 PCs Pack),PAN2022003,Black + Grey + Light Grey,74,32
,1210,Baby Romper (6 PCs Pack),PAN2022003,Black + Grey + Light Grey,74,32
,1211,Baby Romper (6 PCs Pack),PAN2022003,Black + Grey + Light Grey,74,32
,1212,Baby Romper (6 PCs Pack),PAN2022003,Black + Grey + Light Grey,74,32
,1213,Baby Romper (6 PCs Pack),PAN2022003,Black + Grey + Light Grey,74,32
,1214,Baby Romper (6 PCs Pack),PAN2022003,Black + Grey + Light Grey,74,32
,1215,Baby Romper (6 PCs Pack),PAN2022003,Black + Grey + Light Grey,74,32
,1216,Baby Romper (6 PCs Pack),PAN2022003,Black + Grey + Light Grey,74,32
,1217,Baby Romper (6 PCs Pack),PAN2022003,Black + Grey + Light Grey,74,32
,1218,Baby Romper (6 PCs Pack),PAN2022003,Black + Grey + Light Grey,74,32
,1219,Baby Romper (6 PCs Pack),PAN2022003,Black + Grey + Light Grey,74,32
,1220,Baby Romper (6 PCs Pack),PAN2022003,Black + Grey + Light Grey,74,32
,1221,Baby Romper (6 PCs Pack),PAN2022003,Black + Grey + Light Grey,74,32
,1222,Baby Romper (6 PCs Pack),PAN2022003,Black + Grey + Light Grey,74,32
,1223,Baby Romper (6 PCs Pack),PAN2022003,Black + Grey + Light Grey,74,32
,1224,Baby Romper (6 PCs Pack),PAN2022003,Black + Grey + Light Grey,74,32
,1225,Baby Romper (6 PCs Pack),PAN2022003,Black + Grey + Light Grey,74,32
,1226,Baby Romper (6 PCs Pack),PAN2022003,Black + Grey + Light Grey,74,28
,1227,Baby Romper (6 PCs Pack),PAN2022003,Black + Grey + Light Grey,80,32
,1228,Baby Romper (6 PCs Pack),PAN2022003,Black + Grey + Light Grey,80,32
,1229,Baby Romper (6 PCs Pack),PAN2022003,Black + Grey + Light Grey,80,32
,1230,Baby Romper (6 PCs Pack),PAN2022003,Black + Grey + Light Grey,80,32
,1231,Baby Romper (6 PCs Pack),PAN2022003,Black + Grey + Light Grey,80,32
,1232,Baby Romper (6 PCs Pack),PAN2022003,Black + Grey + Light Grey,80,32
,1233,Baby Romper (6 PCs Pack),PAN2022003,Black + Grey + Light Grey,80,32
,1234,Baby Romper (6 PCs Pack),PAN2022003,Black + Grey + Light Grey,80,32
,1235,Baby Romper (6 PCs Pack),PAN2022003,Black + Grey + Light Grey,80,32
,1236,Baby Romper (6 PCs Pack),PAN2022003,Black + Grey + Light Grey,80,32
,1237,Baby Romper (6 PCs Pack),PAN2022003,Black + Grey + Light Grey,80,32
,1238,Baby Romper (6 PCs Pack),PAN2022003,Black + Grey + Light Grey,80,30
,1239,Baby Romper (6 PCs Pack),PAN2022003,Black + Grey + Light Grey,86,32
,1240,Baby Romper (6 PCs Pack),PAN2022003,Black + Grey + Light Grey,86,32
,1241,Baby Romper (6 PCs Pack),PAN2022003,Black + Grey + Light Grey,86,32
,1242,Baby Romper (6 PCs Pack),PAN2022003,Black + Grey + Light Grey,86,32
,1243,Baby Romper (6 PCs Pack),PAN2022003,Black + Grey + Light Grey,86,32
,1244,Baby Romper (6 PCs Pack),PAN2022003,Black + Grey + Light Grey,86,32
,1245,Baby Romper (6 PCs Pack),PAN2022003,Black + Grey + Light Grey,86,32
,1246,Baby Romper (6 PCs Pack),PAN2022003,Black + Grey + Light Grey,86,32
,1247,Baby Romper (6 PCs Pack),PAN2022003,Black + Grey + Light Grey,86,32
,1248,Baby Romper (6 PCs Pack),PAN2022003,Black + Grey + Light Grey,86,32
,1249,Baby Romper (6 PCs Pack),PAN2022003,Black + Grey + Light Grey,86,32
,1250,Baby Romper (6 PCs Pack),PAN2022003,Black + Grey + Light Grey,86,30
,1251,Baby Romper (6 PCs Pack),PAN2022003,Black + Grey + Light Grey,92,32
,1252,Baby Romper (6 PCs Pack),PAN2022003,Black + Grey + Light Grey,92,32
,1253,Baby Romper (6 PCs Pack),PAN2022003,Black + Grey + Light Grey,92,32
,1254,Baby Romper (6 PCs Pack),PAN2022003,Black + Grey + Light Grey,92,32
,1255,Baby Romper (6 PCs Pack),PAN2022003,Black + Grey + Light Grey,92,32
,1256,Baby Romper (6 PCs Pack),PAN2022003,Black + Grey + Light Grey,92,32
,1257,Baby Romper (6 PCs Pack),PAN2022003,Black + Grey + Light Grey,92,32
,1258,Baby Romper (6 PCs Pack),PAN2022003,Black + Grey + Light Grey,92,32
,1259,Baby Romper (6 PCs Pack),PAN2022003,Black + Grey + Light Grey,92,32
,1260,Baby Romper (6 PCs Pack),PAN2022003,Black + Grey + Light Grey,92,32
,1261,Baby Romper (6 PCs Pack),PAN2022003,Black + Grey + Light Grey,92,32
,1262,Baby Romper (6 PCs Pack),PAN2022003,Black + Grey + Light Grey,92,30